CREATE DATABASE  IF NOT EXISTS `beauty` /*!40100 DEFAULT CHARACTER SET utf8mb4 */;
USE `beauty`;
-- MySQL dump 10.13  Distrib 5.7.17, for Win64 (x86_64)
--
-- Host: localhost    Database: beauty
-- ------------------------------------------------------
-- Server version	5.7.21-log

/*!40101 SET @OLD_CHARACTER_SET_CLIENT=@@CHARACTER_SET_CLIENT */;
/*!40101 SET @OLD_CHARACTER_SET_RESULTS=@@CHARACTER_SET_RESULTS */;
/*!40101 SET @OLD_COLLATION_CONNECTION=@@COLLATION_CONNECTION */;
/*!40101 SET NAMES utf8 */;
/*!40103 SET @OLD_TIME_ZONE=@@TIME_ZONE */;
/*!40103 SET TIME_ZONE='+00:00' */;
/*!40014 SET @OLD_UNIQUE_CHECKS=@@UNIQUE_CHECKS, UNIQUE_CHECKS=0 */;
/*!40014 SET @OLD_FOREIGN_KEY_CHECKS=@@FOREIGN_KEY_CHECKS, FOREIGN_KEY_CHECKS=0 */;
/*!40101 SET @OLD_SQL_MODE=@@SQL_MODE, SQL_MODE='NO_AUTO_VALUE_ON_ZERO' */;
/*!40111 SET @OLD_SQL_NOTES=@@SQL_NOTES, SQL_NOTES=0 */;

--
-- Table structure for table `category`
--

DROP TABLE IF EXISTS `category`;
/*!40101 SET @saved_cs_client     = @@character_set_client */;
/*!40101 SET character_set_client = utf8 */;
CREATE TABLE `category` (
  `id` bigint(20) NOT NULL AUTO_INCREMENT,
  `alias` varchar(255) NOT NULL DEFAULT '',
  `title` varchar(100) NOT NULL DEFAULT '',
  `content` longtext,
  `createtime` datetime DEFAULT NULL,
  `updatetime` datetime DEFAULT NULL,
  `sort` bigint(20) NOT NULL DEFAULT '0',
  `status` bigint(20) NOT NULL DEFAULT '2',
  `username` varchar(255) NOT NULL DEFAULT '',
  `siteid` bigint(20) NOT NULL DEFAULT '0',
  `type` bigint(20) NOT NULL DEFAULT '0',
  `image` varchar(255) NOT NULL DEFAULT '',
  `pid` bigint(20) NOT NULL DEFAULT '0',
  PRIMARY KEY (`id`)
) ENGINE=InnoDB AUTO_INCREMENT=25 DEFAULT CHARSET=utf8;
/*!40101 SET character_set_client = @saved_cs_client */;

--
-- Dumping data for table `category`
--

LOCK TABLES `category` WRITE;
/*!40000 ALTER TABLE `category` DISABLE KEYS */;
INSERT INTO `category` VALUES (1,'about','关于缀美','<p style=\"text-indent:2em;\">\r\n	<strong></strong> \r\n</p>\r\n<p style=\"text-align:center;text-indent:2em;\">\r\n	<span style=\"font-size:18px;font-family:NSimSun;color:#4C33E5;\"><strong>学校简介</strong></span> \r\n</p>\r\n<p style=\"text-indent:2em;\">\r\n	<span style=\"font-family:NSimSun;font-size:18px;color:#333333;line-height:1.5;\"><strong><span style=\"color:#4C33E5;\">&nbsp; &nbsp; </span><span style=\"color:#4C33E5;\">缀美美术学校成立于2006年，至今成立有10年办学历史，现已成为广东省知名的艺考教育培训机构。</span><span style=\"color:#4C33E5;\">2012年注册并正式更名为缀美美术学校。</span></strong></span><br />\r\n<span style=\"font-family:NSimSun;font-size:18px;color:#4C33E5;line-height:1.5;\"><strong>&nbsp; &nbsp; 校区位于广州市海珠区有“广州画家村”之称的小洲村，毗邻大学城，交通方便，生活设施齐全，拥有两层四百平方教学面积，优美而宁静的师生课间休息区，专业展厅，先进的多媒体电教设备。</strong></span><br />\r\n<span style=\"font-family:NSimSun;font-size:18px;color:#4C33E5;line-height:1.5;\"><strong>&nbsp; &nbsp; 缀美深受广大学生的欢迎和信赖，源于它的出类拔萃，教学风格独特的教师团队，勇于创新的教学理念，别具一格的训练方法。准确无误的高考信息，科学严谨的管理方法以及精品的办学成果。</strong></span><br />\r\n<span style=\"font-family:NSimSun;font-size:18px;color:#4C33E5;line-height:1.5;\"><strong>&nbsp; &nbsp; 缀美是你勤奋好学加上我的辛勤付出让你迈进艺术殿堂的成功之门，走进门槛，是你找到成果的起点，是青春与智慧的证明，是你拼搏与收获的开端，在奋斗中拥有人生的辉煌。 &nbsp;</strong></span><br />\r\n<span style=\"font-family:NSimSun;font-size:18px;color:#4C33E5;line-height:1.5;\"><strong>&nbsp; &nbsp; 缀美有一班技艺双全的掌舵者，他们都是在艺术的海洋中翱翔多年的勤劳之师，用他们的智慧和经验为你的高考之舟把舵，成就你的梦想。 &nbsp; &nbsp;</strong></span><br />\r\n<span style=\"font-family:NSimSun;font-size:18px;color:#4C33E5;line-height:1.5;\"><strong>&nbsp; &nbsp; 缀美有一班技艺双全的掌舵者，他们都在高考中创造辉煌的高考状元和精英，为你树立正确的航标，带领你去铸造自己辉煌和成功。</strong></span><br />\r\n<span style=\"font-family:SimSun;font-size:18px;\"><strong></strong></span> \r\n</p>\r\n<p style=\"text-align:center;text-indent:2em;\">\r\n	<span style=\"font-family:NSimSun;font-size:18px;color:#4C33E5;line-height:1.5;\"><strong><img width=\"500\" height=\"888\" title=\"\" align=\"\" alt=\"\" src=\"/file/image/20160804/哼哼唧唧5616.jpg\" /><br />\r\n</strong></span> \r\n</p>\r\n<p style=\"text-indent:2em;\">\r\n	<span style=\"font-size:18px;\"><strong><br />\r\n</strong></span> \r\n</p>\r\n<p style=\"text-align:center;text-indent:2em;\">\r\n	<strong><span style=\"font-size:18px;\"><strong><span style=\"color:#4C33E5;\">校长：</span></strong><span style=\"color:#4C33E5;\"><strong>&nbsp;庞铨进&nbsp;</strong></span></span></strong> \r\n</p>\r\n<p style=\"text-indent:2em;\">\r\n	<br />\r\n</p>\r\n<p style=\"text-align:center;\">\r\n	<img width=\"300\" height=\"400\" title=\"\" align=\"\" alt=\"\" src=\"/file/image/20160804/庞铨进近照.jpg\" /> \r\n</p>\r\n<p style=\"text-align:center;text-indent:2em;\">\r\n	<strong>&nbsp;</strong><br />\r\n<br />\r\n<span style=\"font-size:16px;font-family:SimSun;color:#E53333;\"><strong>&nbsp;毕业于广州美术学院雕塑系。</strong></span><br />\r\n<span style=\"font-size:16px;font-family:SimSun;color:#E53333;\"><strong>&nbsp; &nbsp; &nbsp; &nbsp; &nbsp; &nbsp; &nbsp; &nbsp; &nbsp; &nbsp; &nbsp; &nbsp; &nbsp; &nbsp; &nbsp; &nbsp;</strong></span><br />\r\n<span style=\"font-size:16px;font-family:SimSun;color:#E53333;\"><strong>&nbsp;江湖人称大庞，现居广州。</strong></span><br />\r\n<span style=\"font-size:16px;font-family:SimSun;color:#E53333;\"><strong>&nbsp; &nbsp; &nbsp; &nbsp; &nbsp; &nbsp; &nbsp; &nbsp; &nbsp; &nbsp; &nbsp; &nbsp; &nbsp; &nbsp; &nbsp; &nbsp;&nbsp;</strong></span><br />\r\n<span style=\"font-size:16px;font-family:SimSun;color:#E53333;\"><strong>广州缀美艺考学校负责人，考前资深培训教师！</strong></span><br />\r\n<br />\r\n<span style=\"font-size:16px;font-family:SimSun;color:#E53333;\"><strong>&nbsp; &nbsp; &nbsp; &nbsp; &nbsp; &nbsp; &nbsp; &nbsp;&nbsp;</strong></span><br />\r\n<span style=\"font-size:16px;font-family:SimSun;color:#E53333;\"><strong>&nbsp;从事一线美术高考十余年，擅长素描、速写、水彩，是多家出版社供稿人。</strong></span><br />\r\n<span style=\"font-size:16px;font-family:SimSun;color:#E53333;\"><strong>&nbsp; &nbsp; &nbsp; &nbsp; &nbsp; &nbsp; &nbsp; &nbsp;</strong></span><br />\r\n<span style=\"font-size:16px;font-family:SimSun;color:#E53333;\"><strong>&nbsp;教学经验丰富，幽默沉稳、踏实勤奋，善于针对性解决学生问题，深受学生的信赖和喜爱。</strong></span><br />\r\n<span style=\"font-size:16px;font-family:SimSun;color:#E53333;\"><strong>&nbsp; &nbsp; &nbsp; &nbsp; &nbsp; &nbsp; &nbsp; &nbsp;&nbsp;</strong></span><br />\r\n<span style=\"font-size:16px;font-family:SimSun;color:#E53333;\"><strong>&nbsp;出版与参与出版书籍有：</strong></span><br />\r\n<span style=\"font-size:16px;font-family:SimSun;color:#E53333;\"><strong>&nbsp; &nbsp; &nbsp; &nbsp; &nbsp; &nbsp; &nbsp; &nbsp; &nbsp;</strong></span><br />\r\n<span style=\"font-size:16px;font-family:SimSun;color:#E53333;\"><strong>《起点静物素描教学》、《诠释素描头像》等等。</strong></span> \r\n</p>\r\n<p style=\"text-align:center;text-indent:2em;\">\r\n	<br />\r\n</p>\r\n<p style=\"text-align:center;text-indent:2em;\">\r\n	<br />\r\n</p>\r\n<p style=\"text-align:center;text-indent:2em;\">\r\n	<span style=\"font-size:18px;color:#4C33E5;\"><span style=\"font-size:18px;line-height:24px;color:#4C33E5;\"><strong>学员作品</strong></span></span> \r\n</p>\r\n<p style=\"text-align:center;text-indent:2em;\">\r\n	<span><span style=\"font-size:16px;line-height:24px;\"><img width=\"599\" height=\"449\" title=\"\" align=\"\" alt=\"\" src=\"/file/image/20160804/20140912_171648 - 副本.jpg\" /><br />\r\n</span></span> \r\n</p>\r\n<p style=\"text-align:center;text-indent:2em;\">\r\n	<span><span style=\"font-size:16px;line-height:24px;\"><img alt=\"\" src=\"/file/image/20160804/mmexport1420217892695.jpg\" /><br />\r\n</span></span> \r\n</p>\r\n<p style=\"text-align:center;text-indent:2em;\">\r\n	<span><span style=\"font-size:16px;line-height:24px;\"><img width=\"599\" height=\"912\" title=\"\" align=\"\" alt=\"\" src=\"/file/image/20160804/2014-10-24 22.17.54 - 副本.jpg\" /><br />\r\n</span></span> \r\n</p>\r\n<p style=\"text-align:center;text-indent:2em;\">\r\n	<span><span style=\"font-size:16px;line-height:24px;\"><br />\r\n</span></span> \r\n</p>\r\n<p style=\"text-align:center;text-indent:2em;\">\r\n	<span style=\"color:#4C33E5;font-size:18px;\"><span style=\"font-size:18px;line-height:24px;color:#4C33E5;\"><strong>学员踏青</strong></span></span> \r\n</p>\r\n<p style=\"text-align:center;\">\r\n	<img width=\"800\" height=\"557\" title=\"\" align=\"\" alt=\"\" src=\"/file/image/20160804/mmexport1420177702987.jpg\" /> \r\n</p>\r\n<p style=\"text-align:center;\">\r\n	<br />\r\n</p>\r\n<p style=\"text-align:center;\">\r\n	<span style=\"color:#4C33E5;font-size:16px;\"><strong>联系地址：</strong></span><span style=\"color:#4C33E5;font-size:16px;\"><strong>广东省广州市海珠区小洲村安海街8巷1号</strong></span> \r\n</p>\r\n<p style=\"text-align:center;\">\r\n	<br />\r\n</p>\r\n<p style=\"text-align:center;\">\r\n	<br />\r\n</p>\r\n<p style=\"text-align:center;\">\r\n	<br />\r\n</p>\r\n<p style=\"text-align:center;\">\r\n	<br />\r\n</p>\r\n<p style=\"text-align:center;\">\r\n	<br />\r\n</p>\r\n<div>\r\n	<br />\r\n</div>\r\n<div>\r\n	<br />\r\n</div>','2016-07-29 22:17:34','2018-04-21 18:18:50',4,1,'1',0,0,'/file/image/20160804/psb.jpg',0),(2,'henv','画室环境','<p style=\"text-align:center;\">\r\n	<span style=\"font-size:32px;\"><strong>画室环境优美，学生作画极佳</strong></span> \r\n</p>\r\n<p style=\"text-align:center;\">\r\n	<span style=\"font-size:32px;\"><strong><img alt=\"\" src=\"/file/image/20160804/20160804231044哼哼唧唧5616.jpg\" /><br />\r\n</strong></span> \r\n</p>\r\n<p style=\"text-align:center;\">\r\n	<img width=\"960\" height=\"720\" title=\"\" align=\"\" alt=\"\" src=\"/file/image/20160804/20140626_084331.jpg\" /> \r\n</p>\r\n<p style=\"text-align:center;\">\r\n	<img width=\"960\" height=\"1281\" title=\"\" align=\"\" alt=\"\" src=\"/file/image/20160804/474.jpg\" /> \r\n</p>\r\n<p style=\"text-align:center;\">\r\n	<img width=\"960\" height=\"720\" title=\"\" align=\"\" alt=\"\" src=\"/file/image/20160804/20140626_084429.jpg\" /> \r\n</p>\r\n<p style=\"text-align:center;\">\r\n	<img width=\"960\" height=\"720\" title=\"\" align=\"\" alt=\"\" src=\"/file/image/20160804/20140626_084208.jpg\" /> \r\n</p>\r\n<p style=\"text-align:center;\">\r\n	<img width=\"960\" height=\"720\" title=\"\" align=\"\" alt=\"\" src=\"/file/image/20160804/mmexport1420217892531.jpg\" /> \r\n</p>\r\n<p style=\"text-align:center;\">\r\n	<img alt=\"\" src=\"/file/image/20160804/mmexport1420217892555.jpg\" /> \r\n</p>\r\n<p style=\"text-align:center;\">\r\n	<img alt=\"\" src=\"/file/image/20160804/mmexport1420217892444.jpg\" /> \r\n</p>\r\n<p style=\"text-align:center;\">\r\n	<img alt=\"\" src=\"/file/image/20160804/20160804231151mmexport1420217892459.jpg\" /> \r\n</p>\r\n<p style=\"text-align:center;\">\r\n	<img width=\"960\" height=\"1280\" title=\"\" align=\"\" alt=\"\" src=\"/file/image/20160804/mmexport1420217892481.jpg\" /> \r\n</p>\r\n<p style=\"text-align:center;\">\r\n	<br />\r\n</p>\r\n<p style=\"text-align:center;\">\r\n	<span style=\"font-size:32px;\"><strong>画画，就找缀美</strong></span> \r\n</p>\r\n<p style=\"text-align:center;\">\r\n	<br />\r\n</p>','2016-07-29 22:24:54','2018-04-21 18:02:42',4,1,'1',0,0,'/file/image/20160804/mmexport1420217892459.jpg',1),(3,'happy','高考喜报','<p style=\"text-align:center;\">\r\n	<img alt=\"\" src=\"/file/image/20160805/QQ截图20160805004530.jpg\" /> \r\n</p>\r\n<p style=\"text-align:center;\">\r\n	<img alt=\"\" src=\"/file/image/20160805/QQ截图20160805004547.jpg\" /> \r\n</p>\r\n<p style=\"text-align:center;\">\r\n	<span style=\"font-size:24px;\"><strong>其他年份正在整理中</strong></span> \r\n</p>','2016-07-30 14:58:47','2018-04-21 18:00:59',0,1,'1',0,0,'/file/image/20160805/mmexport1420177702987.jpg',0),(4,'hnews','画室动态','<p style=\"text-align:center;\">\r\n	<span style=\"line-height:1.5;font-size:24px;\"><strong>记录画室的点滴，暖暖的。</strong></span> \r\n</p>\r\n<p style=\"text-align:center;\">\r\n	<span style=\"line-height:1.5;font-size:24px;\"><strong><img width=\"800\" height=\"1421\" title=\"\" align=\"\" alt=\"\" src=\"/file/image/20160805/567456.jpg\" /><br />\r\n</strong></span> \r\n</p>\r\n<p style=\"text-align:center;\">\r\n	<span style=\"line-height:1.5;font-size:24px;\"><strong><img width=\"800\" height=\"450\" title=\"\" align=\"\" alt=\"\" src=\"/file/image/20160805/45634.jpg\" /><br />\r\n</strong></span> \r\n</p>\r\n<p style=\"text-align:center;\">\r\n	<span style=\"line-height:1.5;font-size:24px;\"><strong><img alt=\"\" src=\"/file/image/20160805/psb6578.jpg\" /><br />\r\n</strong></span> \r\n</p>','2016-07-30 14:59:14','2018-04-21 18:01:31',0,1,'1',0,0,'/file/image/20160805/6786789.jpg',0),(5,'znews','招生动态','<p style=\"text-align:center;\">\r\n	<span style=\"line-height:1.5;font-size:24px;\"><strong>我们全年接受学生报名，更多请扫描下方二维码联系</strong></span> \r\n</p>\r\n<strong> \r\n<p style=\"text-align:center;\">\r\n	<strong><img alt=\"\" src=\"/file/image/20160805/QQ截图20160805001256.jpg\" /></strong> \r\n</p>\r\n<p style=\"text-align:center;\">\r\n	<strong><br />\r\n</strong> \r\n</p>\r\n<p style=\"text-align:center;\">\r\n	<strong><img alt=\"\" src=\"/file/image/20160805/QQ截图20160805001311.jpg\" /><br />\r\n</strong> \r\n</p>\r\n<p style=\"text-align:center;\">\r\n	<strong><img alt=\"\" src=\"/file/image/20160805/QQ截图20160805001410.jpg\" /><br />\r\n</strong> \r\n</p>\r\n<p style=\"text-align:center;\">\r\n	<strong><br />\r\n</strong> \r\n</p>\r\n<p style=\"text-align:center;\">\r\n	<strong><img alt=\"\" src=\"/file/image/20160805/1.jpg\" /><br />\r\n</strong> \r\n</p>\r\n<p style=\"text-align:center;\">\r\n	<strong><br />\r\n</strong> \r\n</p>\r\n<p style=\"text-align:center;\">\r\n	<strong><img alt=\"\" src=\"/file/image/20160805/2.jpg\" /><br />\r\n</strong> \r\n</p>\r\n<p style=\"text-align:center;\">\r\n	<strong><br />\r\n</strong> \r\n</p>\r\n<p style=\"text-align:center;\">\r\n	<strong> </strong> \r\n</p>\r\n<p align=\"right\" class=\"MsoNormal\" style=\"text-align:center;\">\r\n	<strong><span style=\"font-size:24px;font-family:SimSun;\">缀美教研组</span> </strong> \r\n</p>\r\n<p align=\"right\" class=\"MsoNormal\" style=\"text-align:center;\">\r\n	<strong><span style=\"font-size:24px;font-family:SimSun;\"><br />\r\n</span> </strong> \r\n</p>\r\n<strong><span style=\"font-size:24px;font-family:SimSun;\"></span><br />\r\n</strong> \r\n<p>\r\n	<br />\r\n</p>\r\n</strong> \r\n<p>\r\n	<br />\r\n</p>','2016-07-30 14:59:27','2018-04-21 18:01:46',0,1,'1',0,0,'/file/image/20160805/psb34534.jpg',4),(6,'mnews','美术资讯','<p style=\"text-align:center;\">\r\n	<br />\r\n</p>\r\n<p style=\"text-align:center;\">\r\n	<br />\r\n</p>','2016-07-30 14:59:38','2018-04-21 18:02:04',0,1,'1',0,0,'/file/image/20160808/20160808220448psb45.jpg',0),(7,'sta','静物','','2016-07-30 15:02:09','2018-04-21 18:04:24',0,1,'',0,1,'/file/image/20160805/932280261.jpg',12),(9,'xzp','学生作品','<p style=\"text-align:center;\">\r\n	<span style=\"font-size:18px;\"><strong>学生作品集</strong></span> \r\n</p>\r\n<p style=\"text-align:center;\">\r\n	<span style=\"font-size:18px;\"><strong>动物，静物，油画等</strong></span> \r\n</p>\r\n<p style=\"text-align:center;\">\r\n	&nbsp; &nbsp; &nbsp; &nbsp; &nbsp;&nbsp;<img width=\"800\" height=\"1290\" title=\"\" alt=\"\" src=\"/file/image/20160804/2014-10-24 22.21.39 - 副本.jpg\" /> \r\n</p>\r\n<p style=\"text-align:center;\">\r\n	<img width=\"800\" height=\"1352\" title=\"\" alt=\"\" src=\"/file/image/20160804/mmexport1420217892742.jpg\" /> \r\n</p>\r\n<p style=\"text-align:center;\">\r\n	<img width=\"800\" height=\"600\" title=\"\" alt=\"\" src=\"/file/image/20160804/20140912_173444 - 副本.jpg\" /> \r\n</p>\r\n<p style=\"text-align:center;\">\r\n	<span style=\"font-size:18px;\"><strong>享受画画吧，少年们</strong></span> \r\n</p>','2016-07-30 15:03:22','2018-04-21 18:05:05',0,1,'',0,1,'/file/image/20160804/20140724_214429 - 副本.jpg',0),(10,'jwsm','静物素描','<p style=\"text-align:center;\">\r\n	<span style=\"font-family:SimSun;font-size:18px;\"><strong>&nbsp; 学生作品：静物素描</strong></span> \r\n</p>\r\n<p>\r\n	<span style=\"font-family:SimSun;font-size:18px;\"><strong>&nbsp;&nbsp;素描，广义上的素描，涵指一切单色的绘画，起源于西洋造型能力的培养。狭义上的素描，专指用于学习美术技巧、探索造型规律、培养专业习惯的绘画训练过程。</strong></span> \r\n</p>\r\n<span style=\"font-family:SimSun;font-size:18px;\"><strong>&nbsp; 素描简而言之就是单色画。却又不尽然，毕竟素描涵盖与牵连的东西太多，解决的问题也太多，素描过程是同一时间要考虑许多问题的综合思维活动。当今美术院校各专业都把它作为基础课，虽然各专业的侧重点不同，油画重体积、调子，国画重线条，版画、设计重结构等；但素描的共性是差不多的。同时，素描作为独立的艺术种类，自有其独特的艺术价值，当然，专门的素描艺术家并不多，大都是兼职者，如诸位大师们，他廖寥几笔的创作草稿就已经价值不菲，你根本不用分是基础性强的速写还是独立的艺术品。这些即便看似寥寥几笔的素描作品，其后面的功力也非常了得，有时随便一条起伏弯曲的线条，体现的却是艺术家对形体、结构、特征、节奏、韵味、艺术史的深刻理解与掌握。</strong></span><br />','2016-07-30 15:04:00','2018-04-21 18:05:17',0,1,'',0,1,'/file/image/20160804/20140726_174025 - 副本.jpg',9),(11,'yh','油画','<div class=\"para\" style=\"font-size:14px;color:#333333;font-family:arial, 宋体, sans-serif;background-color:#FFFFFF;\">\r\n	<span style=\"font-size:18px;\"><strong>&nbsp;&nbsp;&nbsp;&nbsp;油画的前身是15世纪以前欧洲绘画中的蛋彩画，后经尼德兰画家扬·凡·艾克（Jan Van Eyck），（1385年-1441年） 对绘画材料等加以改良后发扬光大。后人因扬·凡·艾克对油画艺术技巧的纵深发展做出的独特贡献，誉其为“油画之父”。近代油画多用亚麻子油调和颜料，在经过处理的布或木板上作画，因为油画颜料干后不变色，多种颜色调和不会变得肮脏，画家可以画出丰富、逼真的色彩。油画颜料不透明，覆盖力强，所以绘画时可以由深到浅，逐层覆盖，使绘画产生立体感。</strong></span><br />\r\n<span style=\"font-size:18px;\"><strong>&nbsp;&nbsp;&nbsp;&nbsp;油画逐渐成为西方绘画史中的主体绘画方式，存世的西方绘画作品主要是油画作品。随着时间的发展油画逐渐生活化，其中最著名的就是《蒙娜丽莎》表现的一个普通妇女并广为流传。19世纪后期，由于科技发展，许多新材料应用于油画领域，如丙烯颜料，油漆等。</strong></span><br />\r\n<span style=\"font-size:18px;\"></span><span style=\"font-size:18px;\"></span><br />\r\n</div>','2016-07-30 15:04:09','2018-04-21 18:05:26',0,1,'',0,1,'/file/image/20160804/mmexport1420217892753.jpg',9),(12,'jszp','教师作品','<p style=\"text-align:center;font-size:13px;font-family:&quot;text-indent:2em;background-color:#FFFFFF;\">\r\n	<strong><span style=\"font-size:18px;\"><strong><span style=\"color:#4C33E5;font-size:16px;\">校长：</span></strong><span style=\"color:#4C33E5;font-size:16px;\"><strong>&nbsp;庞铨进&nbsp;</strong></span></span></strong> \r\n</p>\r\n<p style=\"text-align:center;font-size:13px;font-family:&quot;text-indent:2em;background-color:#FFFFFF;\">\r\n	<br />\r\n</p>\r\n<p style=\"text-align:center;font-size:13px;font-family:&quot;background-color:#FFFFFF;\">\r\n	<img width=\"300\" height=\"400\" title=\"\" align=\"\" alt=\"\" src=\"/file/image/20160804/%E5%BA%9E%E9%93%A8%E8%BF%9B%E8%BF%91%E7%85%A7.jpg\" /> \r\n</p>\r\n<p style=\"font-size:13px;font-family:&quot;text-align:center;text-indent:2em;background-color:#FFFFFF;\">\r\n	<br />\r\n</p>\r\n<div style=\"text-align:center;\">\r\n	<strong><span style=\"font-size:16px;\">&nbsp;</span></strong> \r\n</div>\r\n<span style=\"font-size:16px;font-family:SimSun;color:#E53333;\"> \r\n<div style=\"text-align:center;\">\r\n	<strong><span style=\"font-size:16px;\">&nbsp;毕业于广州美术学院雕塑系。</span></strong> \r\n</div>\r\n</span><span style=\"font-size:16px;font-family:SimSun;color:#E53333;\"> \r\n<div style=\"text-align:center;\">\r\n	<strong><span style=\"font-size:16px;\">&nbsp; &nbsp; &nbsp; &nbsp; &nbsp; &nbsp; &nbsp; &nbsp; &nbsp; &nbsp; &nbsp; &nbsp; &nbsp; &nbsp; &nbsp; &nbsp;</span></strong> \r\n</div>\r\n</span><span style=\"font-size:16px;font-family:SimSun;color:#E53333;\"> \r\n<div style=\"text-align:center;\">\r\n	<strong><span style=\"font-size:16px;\">&nbsp;江湖人称大庞，现居广州。</span></strong> \r\n</div>\r\n</span><span style=\"font-size:16px;font-family:SimSun;color:#E53333;\"> \r\n<div style=\"text-align:center;\">\r\n	<strong><span style=\"font-size:16px;\">&nbsp; &nbsp; &nbsp; &nbsp; &nbsp; &nbsp; &nbsp; &nbsp; &nbsp; &nbsp; &nbsp; &nbsp; &nbsp; &nbsp; &nbsp; &nbsp;&nbsp;</span></strong> \r\n</div>\r\n</span><span style=\"font-size:16px;font-family:SimSun;color:#E53333;\"> \r\n<div style=\"text-align:center;\">\r\n	<strong><span style=\"font-size:16px;\">广州缀美艺考学校负责人，考前资深培训教师！</span></strong> \r\n</div>\r\n</span><span style=\"font-size:16px;font-family:SimSun;color:#E53333;\"> \r\n<div style=\"text-align:center;\">\r\n	<strong><span style=\"font-size:16px;\">&nbsp; &nbsp; &nbsp; &nbsp; &nbsp; &nbsp; &nbsp; &nbsp;&nbsp;</span></strong> \r\n</div>\r\n</span><span style=\"font-size:16px;font-family:SimSun;color:#E53333;\"> \r\n<div style=\"text-align:center;\">\r\n	<strong><span style=\"font-size:16px;\">&nbsp;从事一线美术高考十余年，擅长素描、速写、水彩，是多家出版社供稿人。</span></strong> \r\n</div>\r\n</span><span style=\"font-size:16px;font-family:SimSun;color:#E53333;\"> \r\n<div style=\"text-align:center;\">\r\n	<strong><span style=\"font-size:16px;\">&nbsp; &nbsp; &nbsp; &nbsp; &nbsp; &nbsp; &nbsp; &nbsp;</span></strong> \r\n</div>\r\n</span><span style=\"font-size:16px;font-family:SimSun;color:#E53333;\"> \r\n<div style=\"text-align:center;\">\r\n	<strong><span style=\"font-size:16px;\">&nbsp;教学经验丰富，幽默沉稳、踏实勤奋，善于针对性解决学生问题，深受学生的信赖和喜爱。</span></strong> \r\n</div>\r\n</span><span style=\"font-size:16px;font-family:SimSun;color:#E53333;\"> \r\n<div style=\"text-align:center;\">\r\n	<strong><span style=\"font-size:16px;\">&nbsp; &nbsp; &nbsp; &nbsp; &nbsp; &nbsp; &nbsp; &nbsp;&nbsp;</span></strong> \r\n</div>\r\n</span><span style=\"font-size:16px;font-family:SimSun;color:#E53333;\"> \r\n<div style=\"text-align:center;\">\r\n	<strong><span style=\"font-size:16px;\">&nbsp;出版与参与出版书籍有：</span></strong> \r\n</div>\r\n</span><span style=\"font-size:16px;font-family:SimSun;color:#E53333;\"> \r\n<div style=\"text-align:center;\">\r\n	<strong><span style=\"font-size:16px;\">&nbsp; &nbsp; &nbsp; &nbsp; &nbsp; &nbsp; &nbsp; &nbsp; &nbsp;</span></strong> \r\n</div>\r\n</span><span style=\"font-size:16px;font-family:SimSun;color:#E53333;\"> \r\n<p style=\"text-align:center;\">\r\n	<strong><span style=\"font-size:16px;\">《起点静物素描教学》、《诠释素描头像》等等。</span></strong> \r\n</p>\r\n<p style=\"text-align:center;\">\r\n	<strong><br />\r\n</strong> \r\n</p>\r\n<p style=\"text-align:center;\">\r\n	<b><span style=\"font-size:16px;\">校长的作画能力一流</span></b> \r\n</p>\r\n<p style=\"text-align:center;\">\r\n	<b><span style=\"font-size:16px;\">同时我们的老师也是杠杠的</span></b> \r\n</p>\r\n<p style=\"text-align:center;\">\r\n	<b><span style=\"font-size:16px;\">不信，看图</span></b> \r\n</p>\r\n<p style=\"text-align:center;\">\r\n	<b><img width=\"800\" height=\"1135\" title=\"\" align=\"\" alt=\"\" src=\"/file/image/20160805/psb455.jpg\" /><img alt=\"\" src=\"/file/image/20160805/psb附图一.jpg\" /><br />\r\n</b> \r\n</p>\r\n<p style=\"text-align:center;\">\r\n	<b><img width=\"600\" height=\"906\" title=\"\" align=\"\" alt=\"\" src=\"/file/image/20160805/480366395.jpg\" /><br />\r\n</b> \r\n</p>\r\n<p style=\"text-align:center;\">\r\n	<b><img alt=\"\" src=\"/file/image/20160805/456457.jpg\" /><br />\r\n</b> \r\n</p>\r\n<p style=\"text-align:center;\">\r\n	<b><img alt=\"\" src=\"/file/image/20160805/mmexport1420217892599.jpg\" /><br />\r\n</b> \r\n</p>\r\n<p style=\"text-align:center;\">\r\n	<b><br />\r\n</b> \r\n</p>\r\n</span> \r\n<p>\r\n	<br />\r\n</p>','2016-07-30 15:37:38','2018-04-21 18:05:36',0,1,'',0,1,'/file/image/20160805/mmexport1420217892672.jpg',0),(13,'sc','色彩','','2016-07-30 15:38:07','2018-04-21 18:06:15',0,1,'',0,1,'/file/image/20160805/二.jpg',12),(14,'jlive','教学现场','<p style=\"text-align:center;\">\r\n	<span style=\"line-height:1.5;font-family:SimSun;font-size:18px;\"><strong>教学现场一派生气，老师幽默风趣</strong></span> \r\n</p>\r\n<p style=\"text-align:center;\">\r\n	<span style=\"line-height:1.5;font-family:SimSun;font-size:18px;\"><strong><img alt=\"\" src=\"/file/image/20160805/20160805000533878.jpg\" /><img alt=\"\" src=\"/file/image/20160805/4567.jpg\" /><img alt=\"\" src=\"/file/image/20160805/34567.jpg\" /><img alt=\"\" src=\"/file/image/20160805/56789.jpg\" /><img alt=\"\" src=\"/file/image/20160805/346456.jpg\" /><img alt=\"\" src=\"/file/image/20160805/4567890.jpg\" /><img alt=\"\" src=\"/file/image/20160805/psb3454.jpg\" /><img alt=\"\" src=\"/file/image/20160805/psb87768.jpg\" /><img alt=\"\" src=\"/file/image/20160805/psb45678908.jpg\" /><br />\r\n</strong></span> \r\n</p>','2016-07-30 15:41:24','2018-04-21 18:02:23',0,1,'1',0,0,'/file/image/20160805/878.jpg',4),(16,'dwsb','动物素描','<p style=\"text-align:center;\">\r\n	<span style=\"font-family:SimSun;font-size:18px;\"><strong>&nbsp; 学生作品：动物素描</strong></span> \r\n</p>\r\n<p>\r\n	<span style=\"font-family:SimSun;font-size:18px;\"><strong>&nbsp;&nbsp;素描，广义上的素描，涵指一切单色的绘画，起源于西洋造型能力的培养。狭义上的素描，专指用于学习美术技巧、探索造型规律、培养专业习惯的绘画训练过程。</strong></span> \r\n</p>\r\n<span style=\"font-family:SimSun;font-size:18px;\"><strong>&nbsp; 素描简而言之就是单色画。却又不尽然，毕竟素描涵盖与牵连的东西太多，解决的问题也太多，素描过程是同一时间要考虑许多问题的综合思维活动。当今美术院校各专业都把它作为基础课，虽然各专业的侧重点不同，油画重体积、调子，国画重线条，版画、设计重结构等；但素描的共性是差不多的。同时，素描作为独立的艺术种类，自有其独特的艺术价值，当然，专门的素描艺术家并不多，大都是兼职者，如诸位大师们，他廖寥几笔的创作草稿就已经价值不菲，你根本不用分是基础性强的速写还是独立的艺术品。这些即便看似寥寥几笔的素描作品，其后面的功力也非常了得，有时随便一条起伏弯曲的线条，体现的却是艺术家对形体、结构、特征、节奏、韵味、艺术史的深刻理解与掌握。</strong></span>','2016-07-30 15:45:42','2018-04-21 18:06:32',0,1,'',0,1,'/file/image/20160804/20140912_173837 - 副本.jpg',9),(18,'znews','周边环境','<p style=\"text-align:center;\">\r\n	<span style=\"font-family:SimSun;font-size:18px;color:#4C33E5;\">&nbsp; 画室落座于最适合写生的地方：小洲村</span> \r\n</p>\r\n<p>\r\n	<span style=\"font-family:SimSun;font-size:18px;\">&nbsp; 小洲村，位于广州市海珠区，始建于元末明初，是广州城区内发现的最具岭南水乡特色的古村寨“小洲”，已被列为广州市首批16个历史文化保护区之一，并被评为广东省生态示范村。</span> \r\n</p>\r\n<span style=\"font-family:SimSun;font-size:18px;\">&nbsp; 小洲村南临珠江南河道，隔江与番禺相望，东临牌坊河，峙对官洲岛和仑头，西北与土华村相接。小洲村是珠江几千年来冲积形成</span><span style=\"font-family:SimSun;font-size:18px;\">的，面积达6013.8亩，境内河涌长达10公里。村民世代以种果为生，果树成片，瀛洲生态公园与附近的果林共约2万亩，素有广州“南肺”之称。</span><br />\r\n<p>\r\n	<span style=\"font-family:SimSun;\"><span style=\"font-size:18px;\">&nbsp; 这里至今仍保留着岭南水乡最后的小桥流水人家，走进小洲村，就好像走进了一座民俗博物馆。 民居沿河而建，居民枕河而居，随处可见的百年古榕浓荫蔽日，五六百年高龄的蚝壳屋见证着岭南的曾经沧海，阡陌交错间随便跨过的一口古井都有几百年的沉淀。</span></span> \r\n</p>\r\n<p>\r\n	<span style=\"font-family:SimSun;\"><span style=\"font-size:18px;\">&nbsp; 如今的小洲村，还没有完全被现代化的洪流所淹没，传统的东西仍然得到传承。走在村落里，河涌蜿蜒交错、造型各异的小桥枕溪流之上，庄重的祠堂规整有序，古老的宫庙朴实淡雅，传统的民居参差错落，在绿树婆娑的掩映下，象一幅画有小溪、绿树、灰垣、素瓦等具有岭南水乡特点的水墨画。先辈们为小洲村创造了适合人类居住、生活、劳作的理想家园。昔日的瀛洲八景中的“西溪垂钓”、“古渡归帆”和“翰桥夜月”的景色都是与村中的传统建筑有着直接的关系。<br />\r\n&nbsp;除了古道古桥，小洲最让人瞩目的是它的古建筑蚝壳屋。小洲的蚝壳屋已有上百年的历史，曾经多达百余间，如今大部分已被拆毁，仅剩下3间，主要因为屋主举家外迁等原因才得以保留。小洲的祖辈村民们因地取材，从海岸沙堤中掘出大量蚝壳，建造房子。据说，用这种方式构建的屋子，冬暖夏凉，而且不积雨水，不怕虫蛀，很适合岭南的气候。<br />\r\n&nbsp;公园旁边有座已经荒废了的祠堂，祠堂的广场全部用条形青石板铺就，一踏上麻石时，脚步声由地面往下传送，回音沉闷悠长，让人从心里油然生出虔诚来；祠堂里高高的柱梁，给人造成无形的心理暗示，不能不以一种朝圣的心情面对里面的事物；祠堂的石板缝里长满杂草，里面没有任何摆设，正堂牌匾上的雕花素雅自然，墙壁间仿佛写满了光阴的故事；祠堂高翘的屋檐，依稀可见当年雄伟俊俏的风采。这一切都引发着我们对先民们生活的想象，他们在重大的节日里聚集在祠堂中，或祭祀神明祖先，或商议村中事务。<br />\r\n&nbsp;小洲村河道环绕，巷巷相连，古木郁郁葱葱，河中停泊着小木船，河水经年累月拍打着古码头。只是在这代表岭南水乡特色的小桥流水、青砖青瓦的淡雅画卷里，却跳跃着众多新式艳丽的现代楼房。<br />\r\n</span></span>\r\n</p>\r\n<p style=\"text-align:center;\">\r\n	<img alt=\"\" src=\"/file/image/20160804/QQ截图20160804231751.jpg\" /><span style=\"line-height:1.5;\"></span> \r\n</p>\r\n<p style=\"text-align:center;\">\r\n	风景迷人，岭南特色独居，写生必备。\r\n</p>\r\n<p style=\"text-align:center;\">\r\n	<img width=\"700\" height=\"933\" title=\"\" align=\"\" alt=\"\" src=\"/file/image/20160804/ddd.jpg\" /> \r\n</p>\r\n<p style=\"text-align:center;\">\r\n	<img width=\"700\" height=\"425\" title=\"\" align=\"\" alt=\"\" src=\"/file/image/20160804/QQ截图20160804232100.jpg\" /> \r\n</p>\r\n<p>\r\n	<br />\r\n</p>\r\n<span style=\"font-family:SimSun;font-size:18px;\"></span><br />','2016-08-04 23:14:41','2018-04-21 18:03:03',0,1,'1',0,0,'/file/image/20160804/QQ截图20160804231616.jpg',1),(19,'house','住宿环境','<p style=\"text-align:center;\">\r\n	<span style=\"line-height:1.5;font-size:24px;\"><strong>我们同时也为远来的学生提供住宿</strong></span> \r\n</p>\r\n<p style=\"text-align:center;\">\r\n	<span style=\"line-height:1.5;font-size:24px;\"><strong><img width=\"800\" height=\"1067\" title=\"\" align=\"\" alt=\"\" src=\"/file/image/20160804/494ae544b90c4669500ffef7.jpg\" /><img width=\"800\" height=\"534\" title=\"\" align=\"\" alt=\"\" src=\"/file/image/20160804/20160804235819151619492042.jpg\" /><img width=\"800\" height=\"1067\" title=\"\" align=\"\" alt=\"\" src=\"/file/image/20160804/20088292123960.jpg\" /><img width=\"800\" height=\"601\" title=\"\" align=\"\" alt=\"\" src=\"/file/image/20160804/20109817749532.jpg\" /><img width=\"800\" height=\"1067\" title=\"\" align=\"\" alt=\"\" src=\"/file/image/20160804/20110519184653250.jpg\" /><img width=\"800\" height=\"600\" title=\"\" align=\"\" alt=\"\" src=\"/file/image/20160804/20110723102110477.jpg\" /><img alt=\"\" src=\"/file/image/20160804/2010072414024150561985.jpg\" /><img width=\"800\" height=\"536\" title=\"\" align=\"\" alt=\"\" src=\"/file/image/20160804/20110414150845483332000.jpg\" /><br />\r\n</strong></span> \r\n</p>\r\n<p style=\"text-align:center;\">\r\n	<br />\r\n</p>\r\n<p style=\"text-align:center;\">\r\n	<br />\r\n</p>','2016-08-04 23:58:34','2018-04-21 18:03:18',0,1,'1',0,0,'/file/image/20160804/151619492042.jpg',1),(20,'woderact','精彩活动','<p style=\"text-align:center;\">\r\n	<span style=\"font-family:SimSun;font-size:24px;line-height:1.5;\">我们经常举办各种活动娱乐生活，比如室内游戏，室内烹饪，户外踏青等。</span> \r\n</p>\r\n<p style=\"text-align:center;\">\r\n	<span style=\"font-family:SimSun;font-size:24px;line-height:1.5;\"><img alt=\"\" src=\"/file/image/20160805/20160805000834634.jpg\" /><img width=\"800\" height=\"1066\" title=\"\" align=\"\" alt=\"\" src=\"/file/image/20160805/2345.jpg\" /><img width=\"800\" height=\"1039\" title=\"\" align=\"\" alt=\"\" src=\"/file/image/20160805/98765.jpg\" /><img alt=\"\" src=\"/file/image/20160805/66666666666666666.jpg\" /><img alt=\"\" src=\"/file/image/20160805/psb3456.jpg\" /><img alt=\"\" src=\"/file/image/20160805/psb223456.jpg\" /><br />\r\n</span> \r\n</p>','2016-08-05 00:09:05','2018-04-21 18:03:34',0,1,'1',0,0,'/file/image/20160805/634.jpg',4),(21,'sx','速写','','2016-08-05 00:26:49','2018-04-21 18:06:42',0,1,'',0,1,'/file/image/20160805/345.jpg',12),(22,'tx','头像','','2016-08-05 00:29:57','2018-04-21 18:06:51',0,1,'',0,1,'/file/image/20160805/psb23423.jpg',12),(23,'xsm','新素描','','2016-08-05 00:30:29','2018-04-21 18:07:01',0,1,'',0,1,'/file/image/20160805/mmexport1462695455374.jpg',12),(24,'funnews','艺术趣闻','有趣的艺术新闻。','2016-12-06 09:43:15','2018-04-21 18:03:44',0,1,'1',0,0,'/file/image/20161206/QQ截图20161206094238.png',6);
/*!40000 ALTER TABLE `category` ENABLE KEYS */;
UNLOCK TABLES;

--
-- Table structure for table `config`
--

DROP TABLE IF EXISTS `config`;
/*!40101 SET @saved_cs_client     = @@character_set_client */;
/*!40101 SET character_set_client = utf8 */;
CREATE TABLE `config` (
  `id` bigint(20) NOT NULL AUTO_INCREMENT,
  `title` varchar(100) NOT NULL DEFAULT '',
  `content` longtext NOT NULL,
  `address` longtext,
  `phone` varchar(255) NOT NULL DEFAULT '',
  `webinfo` longtext,
  `photo` varchar(255) NOT NULL DEFAULT '',
  `slogan` longtext,
  `code1` longtext,
  `code2` longtext,
  `code3` longtext,
  PRIMARY KEY (`id`)
) ENGINE=InnoDB AUTO_INCREMENT=2 DEFAULT CHARSET=utf8;
/*!40101 SET character_set_client = @saved_cs_client */;

--
-- Dumping data for table `config`
--

LOCK TABLES `config` WRITE;
/*!40000 ALTER TABLE `config` DISABLE KEYS */;
INSERT INTO `config` VALUES (1,'缀美画室|广州缀美美术学校官网-广州画室','<p style=\"text-align:center;\">\r\n	<span style=\"font-size:18px;font-family:NSimSun;\"><strong>学校简介</strong></span> \r\n</p>\r\n<p>\r\n	<span style=\"font-size:18px;font-family:NSimSun;\">&nbsp;&nbsp;</span><span style=\"font-size:24px;font-family:FangSong_GB2312;\"><strong><span style=\"font-family:NSimSun;font-size:18px;\">缀美美术学校成立于2006年，至今成立有10年办学历史。</span></strong><span style=\"font-family:NSimSun;font-size:18px;\">现已成为广东省知名的艺考教育培训机构。于2012年注册并正式更名为缀美美术学校。</span></span> \r\n</p>\r\n<p>\r\n	<span style=\"font-size:18px;font-family:NSimSun;\">&nbsp;&nbsp;</span><span style=\"font-size:18px;font-family:NSimSun;\">校区位于广州市海珠区有“广州画家村”之称的小洲村，毗邻大学城，交通方便，生活设施齐全，拥有两层四百平方教学面积，优美而宁静的师生课间休息区，专业展厅，先进的多媒体电教设备。</span> \r\n</p>\r\n<p>\r\n	<span style=\"font-size:18px;font-family:NSimSun;\">&nbsp;&nbsp;</span><span style=\"font-size:18px;font-family:NSimSun;\">缀美深受广大学生的欢迎和信赖，源于它的出类拔萃，教学风格独特的教师团队，勇于创新的教学理念，别具一格的训练方法。准确无误的高考信息，科学严谨的管理方法以及精品的办学成果。</span> \r\n</p>\r\n<p>\r\n	<span style=\"font-size:18px;font-family:NSimSun;\">&nbsp;&nbsp;</span><span style=\"font-size:18px;font-family:NSimSun;\">缀美是你勤奋好学加上我的辛勤付出让你迈进艺术殿堂的成功之门，走进门槛，是你找到成果的起点，是青春与智慧的证明，是你拼搏与收获的开端，在奋斗中拥有人生的辉煌。&nbsp;</span> \r\n</p>\r\n<p>\r\n	<span style=\"font-size:18px;font-family:NSimSun;\">&nbsp;&nbsp;</span><span style=\"font-size:18px;font-family:NSimSun;\">缀美有一班技艺双全的掌舵者，他们都是在艺术的海洋中翱翔多年的勤劳之师，用他们的智慧和经验为你的高考之舟把舵，成就你的梦想。&nbsp;</span> \r\n</p>\r\n<p>\r\n	<span style=\"font-size:18px;font-family:NSimSun;\">&nbsp;&nbsp;</span><span style=\"font-size:18px;font-family:NSimSun;\">缀美有一班技艺双全的掌舵者，他们都在高考中创造辉煌的高考状元和精英，为你树立正确的航标，带领你去铸造自己辉煌和成功。</span> \r\n</p>\r\n<p>\r\n	<span style=\"font-size:18px;font-family:NSimSun;\"> </span> \r\n</p>\r\n<p style=\"text-align:center;font-size:13px;font-family:&quot;text-indent:2em;background-color:#FFFFFF;\">\r\n	<strong><span style=\"font-size:18px;\"><strong><span style=\"color:#4C33E5;\">校长：</span></strong><span style=\"color:#4C33E5;\"><strong>&nbsp;庞铨进&nbsp;</strong></span></span></strong> \r\n</p>\r\n<p style=\"text-align:center;font-size:13px;font-family:&quot;text-indent:2em;background-color:#FFFFFF;\">\r\n	<br />\r\n</p>\r\n<p style=\"text-align:center;font-size:13px;font-family:&quot;background-color:#FFFFFF;\">\r\n	<img width=\"300\" height=\"400\" title=\"\" align=\"\" alt=\"\" src=\"/file/image/20160804/%E5%BA%9E%E9%93%A8%E8%BF%9B%E8%BF%91%E7%85%A7.jpg\" /> \r\n</p>\r\n<p style=\"font-size:13px;font-family:&quot;text-align:center;text-indent:2em;background-color:#FFFFFF;\">\r\n	<br />\r\n</p>\r\n<div style=\"text-align:center;\">\r\n	<strong>&nbsp;</strong> \r\n</div>\r\n<span style=\"font-size:16px;font-family:SimSun;color:#E53333;\"> \r\n<div style=\"text-align:center;\">\r\n	<strong>&nbsp;毕业于广州美术学院雕塑系。</strong> \r\n</div>\r\n</span><span style=\"font-size:16px;font-family:SimSun;color:#E53333;\"> \r\n<div style=\"text-align:center;\">\r\n	<strong>&nbsp; &nbsp; &nbsp; &nbsp; &nbsp; &nbsp; &nbsp; &nbsp; &nbsp; &nbsp; &nbsp; &nbsp; &nbsp; &nbsp; &nbsp; &nbsp;</strong> \r\n</div>\r\n</span><span style=\"font-size:16px;font-family:SimSun;color:#E53333;\"> \r\n<div style=\"text-align:center;\">\r\n	<strong>&nbsp;江湖人称大庞，现居广州。</strong> \r\n</div>\r\n</span><span style=\"font-size:16px;font-family:SimSun;color:#E53333;\"> \r\n<div style=\"text-align:center;\">\r\n	<strong>&nbsp; &nbsp; &nbsp; &nbsp; &nbsp; &nbsp; &nbsp; &nbsp; &nbsp; &nbsp; &nbsp; &nbsp; &nbsp; &nbsp; &nbsp; &nbsp;&nbsp;</strong> \r\n</div>\r\n</span><span style=\"font-size:16px;font-family:SimSun;color:#E53333;\"> \r\n<div style=\"text-align:center;\">\r\n	<strong>广州缀美艺考学校负责人，考前资深培训教师！</strong> \r\n</div>\r\n</span><span style=\"font-size:16px;font-family:SimSun;color:#E53333;\"> \r\n<div style=\"text-align:center;\">\r\n	<strong>&nbsp; &nbsp; &nbsp; &nbsp; &nbsp; &nbsp; &nbsp; &nbsp;&nbsp;</strong> \r\n</div>\r\n</span><span style=\"font-size:16px;font-family:SimSun;color:#E53333;\"> \r\n<div style=\"text-align:center;\">\r\n	<strong>&nbsp;从事一线美术高考十余年，擅长素描、速写、水彩，是多家出版社供稿人。</strong> \r\n</div>\r\n</span><span style=\"font-size:16px;font-family:SimSun;color:#E53333;\"> \r\n<div style=\"text-align:center;\">\r\n	<strong>&nbsp; &nbsp; &nbsp; &nbsp; &nbsp; &nbsp; &nbsp; &nbsp;</strong> \r\n</div>\r\n</span><span style=\"font-size:16px;font-family:SimSun;color:#E53333;\"> \r\n<div style=\"text-align:center;\">\r\n	<strong>&nbsp;教学经验丰富，幽默沉稳、踏实勤奋，善于针对性解决学生问题，深受学生的信赖和喜爱。</strong> \r\n</div>\r\n</span><span style=\"font-size:16px;font-family:SimSun;color:#E53333;\"> \r\n<div style=\"text-align:center;\">\r\n	<strong>&nbsp; &nbsp; &nbsp; &nbsp; &nbsp; &nbsp; &nbsp; &nbsp;&nbsp;</strong> \r\n</div>\r\n</span><span style=\"font-size:16px;font-family:SimSun;color:#E53333;\"> \r\n<div style=\"text-align:center;\">\r\n	<strong>&nbsp;出版与参与出版书籍有：</strong> \r\n</div>\r\n</span><span style=\"font-size:16px;font-family:SimSun;color:#E53333;\"> \r\n<div style=\"text-align:center;\">\r\n	<strong>&nbsp; &nbsp; &nbsp; &nbsp; &nbsp; &nbsp; &nbsp; &nbsp; &nbsp;</strong> \r\n</div>\r\n</span><span style=\"font-size:16px;font-family:SimSun;color:#E53333;\"> \r\n<div style=\"text-align:center;\">\r\n	<strong>《起点静物素描教学》、《诠释素描头像》等等。</strong> \r\n</div>\r\n</span> \r\n<p>\r\n	<br />\r\n</p>\r\n<div style=\"text-align:center;\">\r\n	<span style=\"line-height:1.5;\"></span> \r\n</div>\r\n<p>\r\n	<br />\r\n</p>','<meta name=\"keywords\" content=\"广州画室，广州美术培训机构，广州缀美美术学校官网|缀美画室，美术培训，美术高考培训\"/>\r\n<meta name=\"description\" content=\"广州缀美美术学校官网|缀美画室作为广州画室的佼佼者为各大美术院校和企业输送了大量的美术人才，在广州美术培训机构中排名前列。\"/>\r\n','扫描下方二维码','{\"1\":{\"name\":\"jlive\",\"limit\":6},\r\n\"2\":{\"name\":\"woderact\",\"limit\":6},\r\n\"3\":{\"name\":\"funnews\",\"limit\":6},\r\n\"4\":{\"name\":\"happy\",\"limit\":6},\r\n\"5\":{\"name\":\"mnews\",\"limit\":6},\r\n\"6\":{\"name\":\"sc\",\"limit\":6}}','/file/image/20160804/20160804221639psb.jpg','缀美美术学校成立于2006年，至今成立有10年办学历史。现已成为广东省知名的艺考教育培训机构。','beautyart','','<p style=\"text-align:center;\">\r\n	<span style=\"font-size:16px;\">我们正在改变，适应互联网</span> \r\n</p>\r\n<p style=\"text-align:center;\">\r\n	<span style=\"font-size:16px;line-height:21px;\">缀美官网正式启动，更多精彩</span><span style=\"font-size:16px;line-height:1.5;\">扫描校长个人二维码或公众号</span> \r\n</p>\r\n<p style=\"text-align:center;\">\r\n	<span style=\"font-size:16px;line-height:1.5;\"><br />\r\n</span> \r\n</p>\r\n<p style=\"text-align:center;\">\r\n	<span style=\"line-height:1.5;font-size:14px;\"><img width=\"300\" height=\"300\" title=\"\" align=\"\" alt=\"\" src=\"/file/image/20160805/640.jpg\" />&nbsp;&nbsp;<img width=\"300\" height=\"247\" title=\"\" align=\"\" alt=\"\" src=\"/file/image/20160804/108846154041355085.png\" /><span style=\"font-size:16px;\"></span><br />\r\n</span> \r\n</p>\r\n<p style=\"text-align:center;\">\r\n	<span style=\"line-height:1.5;font-size:14px;\"><br />\r\n</span> \r\n</p>\r\n<p style=\"text-align:center;\">\r\n	<span style=\"line-height:1.5;font-size:16px;\">Copyright &copy; 2012-2018, 精彩演绎 All rights reserved</span> \r\n</p>\r\n<p style=\"text-align:center;\">\r\n	<span style=\"line-height:1.5;font-size:16px;\">版权所有 &copy;广州缀美美术学校官网 &nbsp;</span> \r\n</p>\r\n<p style=\"text-align:center;\">\r\n	<span style=\"line-height:1.5;font-size:16px;\">广州画室，广州美术培训机构，广州缀美美术学校官网|缀美画室，美术培训，美术高考培训<br />\r\n</span> \r\n</p>\r\n<p style=\"text-align:center;\">\r\n	<span style=\"font-size:14px;line-height:21px;\"><span style=\"font-size:16px;\">版面参考：</span><a href=\"http://www.caa.edu.cn/index.html\" target=\"_blank\"><span style=\"font-size:16px;\">中国美术学院</span></a></span> \r\n</p>');
/*!40000 ALTER TABLE `config` ENABLE KEYS */;
UNLOCK TABLES;

--
-- Table structure for table `group`
--

DROP TABLE IF EXISTS `group`;
/*!40101 SET @saved_cs_client     = @@character_set_client */;
/*!40101 SET character_set_client = utf8 */;
CREATE TABLE `group` (
  `id` bigint(20) NOT NULL AUTO_INCREMENT,
  `name` varchar(100) NOT NULL DEFAULT '',
  `title` varchar(100) NOT NULL DEFAULT '',
  `status` int(11) NOT NULL DEFAULT '2',
  `sort` int(11) NOT NULL DEFAULT '1',
  PRIMARY KEY (`id`)
) ENGINE=InnoDB AUTO_INCREMENT=4 DEFAULT CHARSET=utf8;
/*!40101 SET character_set_client = @saved_cs_client */;

--
-- Dumping data for table `group`
--

LOCK TABLES `group` WRITE;
/*!40000 ALTER TABLE `group` DISABLE KEYS */;
INSERT INTO `group` VALUES (1,'画室官网','后台管理',1,1),(2,'画室官网','文章管理',1,2),(3,'画室官网','图片管理',1,3);
/*!40000 ALTER TABLE `group` ENABLE KEYS */;
UNLOCK TABLES;

--
-- Table structure for table `node`
--

DROP TABLE IF EXISTS `node`;
/*!40101 SET @saved_cs_client     = @@character_set_client */;
/*!40101 SET character_set_client = utf8 */;
CREATE TABLE `node` (
  `id` bigint(20) NOT NULL AUTO_INCREMENT,
  `title` varchar(100) NOT NULL DEFAULT '',
  `name` varchar(100) NOT NULL DEFAULT '',
  `level` int(11) NOT NULL DEFAULT '1',
  `pid` bigint(20) NOT NULL DEFAULT '0',
  `remark` varchar(200) DEFAULT NULL,
  `status` int(11) NOT NULL DEFAULT '2',
  `group_id` bigint(20) NOT NULL,
  PRIMARY KEY (`id`)
) ENGINE=InnoDB AUTO_INCREMENT=65 DEFAULT CHARSET=utf8;
/*!40101 SET character_set_client = @saved_cs_client */;

--
-- Dumping data for table `node`
--

LOCK TABLES `node` WRITE;
/*!40000 ALTER TABLE `node` DISABLE KEYS */;
INSERT INTO `node` VALUES (1,'权限中心','rbac',1,0,'',1,1),(2,'节点管理','node/index',2,1,'',1,1),(3,'节点首页','Index',3,2,'',1,1),(4,'增编节点','AddAndEdit',3,2,'',1,1),(5,'删除节点','DelNode',3,2,'',1,1),(6,'用户管理','user/index',2,1,'',1,1),(7,'用户首页','Index',3,6,'',1,1),(8,'增加用户','AddUser',3,6,'',1,1),(9,'更新用户','UpdateUser',3,6,'',1,1),(10,'删除用户','DelUser',3,6,'',1,1),(11,'分组管理','group/index',2,1,'',1,1),(12,'分组首页','Index',3,11,'',1,1),(13,'增加分组','AddGroup',3,11,'',1,1),(14,'更新分组','UpdateGroup',3,11,'',1,1),(15,'删除分组','DelGroup',3,11,'',1,1),(16,'角色管理','role/index',2,1,'',1,1),(17,'角色首页','index',3,16,'',1,1),(18,'增编角色','AddAndEdit',3,16,'',1,1),(19,'删除角色','DelRole',3,16,'',1,1),(20,'列出角色','GetList',3,16,'',1,1),(21,'显示权限','AccessToNode',3,16,'',1,1),(22,'增加权限','AddAccess',3,16,'',1,1),(23,'列出角色下用户','RoleToUserList',3,16,'',1,1),(24,'授予用户角色','AddRoleToUser',3,16,'',1,1),(25,'配置中心','config',1,0,'',1,1),(26,'网站配置','option/index',2,25,'',1,1),(27,'网站配置首页','Index',3,26,'',1,1),(28,'更新网站配置','UpdateOption',3,26,'',1,1),(29,'个人信息','user/index',2,25,'',1,1),(30,'个人信息首页','Index',3,29,'',1,1),(31,'更新个人信息','UpdateUser',3,29,'',1,1),(32,'文章中心','blog',1,0,'',1,2),(33,'目录列表','category/index',2,32,'',1,2),(34,'目录列表首页','Index',3,33,'',1,2),(35,'增加目录','AddCategory',3,33,'',1,2),(36,'修改目录','UpdateCategory',3,33,'',1,2),(37,'文章列表','paper/index',2,32,'',1,2),(38,'文章列表首页','Index',3,37,'',1,2),(39,'增加文章','AddPaper',3,37,'',1,2),(40,'修改文章','UpdatePaper',3,37,'',1,2),(41,'回收文章','DeletePaper',3,37,'',1,2),(42,'删除文章','RealDelPaper',3,37,'',1,2),(43,'图片中心','picture',1,0,'',1,3),(44,'相册管理','album/index',2,43,'',1,3),(45,'相册首页','Index',3,44,'',1,3),(46,'增加相册','AddAlbum',3,44,'',1,3),(47,'删除相册','DeleteAlbum',3,44,'',1,3),(48,'修改相册','UpdateAlbum',3,44,'',1,3),(49,'图片管理','photo/index',2,43,'',1,3),(50,'图片首页','Index',3,49,'',1,3),(51,'增加图片','AddPhoto',3,49,'',1,3),(52,'回收图片','DeletePhoto',3,49,'',1,3),(53,'修改图片','UpdatePhoto',3,49,'',1,3),(54,'删除图片','RealDelPhoto',3,49,'',1,3),(55,'删除目录','DeleteCategory',3,33,'',1,2),(56,'文章回收站','paper/rubbish',2,32,'',1,2),(57,'文章回收站','Rubbish',3,56,'',1,2),(58,'图片回收站','photo/rubbish',2,43,'',1,3),(59,'图片回收站','Rubbish',3,58,'',1,3),(60,'首页轮转','roll/index',2,25,'',1,1),(61,'轮转列表','Index',3,60,'',1,1),(62,'增加轮转','AddRoll',3,60,'',1,1),(63,'更新轮转','UpdateRoll',3,60,'',1,1),(64,'删除轮转','DeleteRoll',3,60,'',1,1);
/*!40000 ALTER TABLE `node` ENABLE KEYS */;
UNLOCK TABLES;

--
-- Table structure for table `node_roles`
--

DROP TABLE IF EXISTS `node_roles`;
/*!40101 SET @saved_cs_client     = @@character_set_client */;
/*!40101 SET character_set_client = utf8 */;
CREATE TABLE `node_roles` (
  `id` bigint(20) NOT NULL AUTO_INCREMENT,
  `node_id` bigint(20) NOT NULL,
  `role_id` bigint(20) NOT NULL,
  PRIMARY KEY (`id`)
) ENGINE=InnoDB DEFAULT CHARSET=utf8;
/*!40101 SET character_set_client = @saved_cs_client */;

--
-- Dumping data for table `node_roles`
--

LOCK TABLES `node_roles` WRITE;
/*!40000 ALTER TABLE `node_roles` DISABLE KEYS */;
/*!40000 ALTER TABLE `node_roles` ENABLE KEYS */;
UNLOCK TABLES;

--
-- Table structure for table `paper`
--

DROP TABLE IF EXISTS `paper`;
/*!40101 SET @saved_cs_client     = @@character_set_client */;
/*!40101 SET character_set_client = utf8 */;
CREATE TABLE `paper` (
  `id` bigint(20) NOT NULL AUTO_INCREMENT,
  `title` varchar(100) NOT NULL DEFAULT '',
  `content` longtext NOT NULL,
  `descontent` longtext,
  `createtime` datetime DEFAULT NULL,
  `updatetime` datetime DEFAULT NULL,
  `sort` bigint(20) NOT NULL DEFAULT '0',
  `status` bigint(20) NOT NULL DEFAULT '0',
  `author` varchar(255) NOT NULL DEFAULT '',
  `photo` varchar(255) NOT NULL DEFAULT '',
  `view` bigint(20) NOT NULL DEFAULT '0',
  `cid` bigint(20) NOT NULL DEFAULT '0',
  `istop` bigint(20) NOT NULL DEFAULT '0',
  `ishot` bigint(20) NOT NULL DEFAULT '0',
  `isroll` bigint(20) NOT NULL DEFAULT '0',
  `rollpath` varchar(255) NOT NULL DEFAULT '',
  `type` int(11) DEFAULT '0',
  PRIMARY KEY (`id`)
) ENGINE=InnoDB AUTO_INCREMENT=113 DEFAULT CHARSET=utf8;
/*!40101 SET character_set_client = @saved_cs_client */;

--
-- Dumping data for table `paper`
--

LOCK TABLES `paper` WRITE;
/*!40000 ALTER TABLE `paper` DISABLE KEYS */;
INSERT INTO `paper` VALUES (52,'素描：梨子','','梨子速画。','2015-06-06 07:34:04','2015-06-06 15:35:32',0,1,'学生','/file/image/20160804/2014-07-13 15.41.15 - 副本.jpg',1277,10,0,0,0,'',1),(53,'素描：西红柿蒜锅','','室内速画。','2016-01-02 15:44:01',NULL,0,1,'学生','/file/image/20160804/2014-07-27 22.15.51 - 副本.jpg',646,10,0,0,0,'',1),(54,'素描：一只可怜的苹果','','就是一只苹果而已','2016-01-26 15:46:17','2016-01-26 15:46:42',0,1,'学生','/file/image/20160804/2014-10-15 12.08.27 - 副本 - 副本.jpg',574,10,0,0,0,'',1),(55,'倒立的老狮子','','画是斜的，是的。','2016-03-16 23:49:56',NULL,0,1,'学生','/file/image/20160804/20140912_173529 - 副本.jpg',423,16,0,0,0,'',1),(56,'我爱矿泉水不爱水果','','画得丑，不要见怪。','2016-03-20 23:53:55',NULL,0,1,'学生','/file/image/20160804/mmexport1420217892643.jpg',411,11,0,0,0,'',1),(57,'喜欢肯德基的味道','','那是麦当劳好吗？','2016-03-27 15:55:18',NULL,0,1,'吃货学生','/file/image/20160804/20160804235411mmexport1420217892695.jpg',391,11,0,0,0,'',1),(58,'水果怎么会和台灯在一起','','那支笔是什么牌子的？','2016-04-01 15:56:25',NULL,0,1,'糊涂的学生','/file/image/20160804/20160804235545mmexport1420217892742.jpg',376,11,0,0,0,'',1),(59,'学生作品：静物素描','','静物素描','2016-02-04 01:00:32',NULL,0,1,'学生','/file/image/20160805/20140808_222422 - 副本.jpg',549,9,0,0,0,'',1),(60,'学生作品：动物素描','<img src=\"/file/image/20160805/20140912_171816 - 副本.jpg\" alt=\"\" width=\"800\" height=\"600\" title=\"\" align=\"\" />','我是一只蛤蟆','2015-09-03 01:01:46','2015-09-03 01:07:37',0,1,'学生','/file/image/20160805/20140912_171825 - 副本.jpg',1011,9,0,0,0,'',1),(61,'学生色彩画','','颜色控制度很高。','2016-02-19 01:08:31',NULL,0,1,'学生','/file/image/20160805/mmexport1420217892695.jpg',504,9,0,0,0,'',1),(62,'教师作品:静物','','教师作品:静物','2016-02-26 05:38:37',NULL,0,1,'教师','/file/image/20160808/psb.jpg',494,7,0,0,0,'',1),(63,'教师作品:静物','','教师作品:静物','2016-03-11 05:39:01',NULL,0,1,'教师作品','/file/image/20160808/mmexport1420217892615.jpg',452,7,0,0,0,'',1),(64,'教师作品:静物','','教师作品:静物','2016-03-13 21:39:28',NULL,0,1,'教师作品','/file/image/20160808/mmexport1420217892428.jpg',444,7,0,0,0,'',1),(65,'教师作品:静物','','教师作品:静物','2016-04-05 13:39:58',NULL,0,1,'教师','/file/image/20160808/mmexport1420217892393.jpg',376,7,0,0,0,'',1),(66,'教师作品:静物','','教师作品:静物','2016-02-28 13:40:30',NULL,0,1,'教师','/file/image/20160808/2008521424.jpg',487,7,0,0,0,'',1),(67,'教师作品：色彩','','教师作品：色彩','2015-08-02 21:45:55',NULL,0,1,'教师','/file/image/20160808/7867.jpg',1116,13,0,0,0,'',1),(68,'教师作品：色彩','','教师作品：色彩','2015-07-21 05:46:21',NULL,0,1,'教师','/file/image/20160808/485745.jpg',1154,13,0,0,0,'',1),(69,'教师作品：色彩','','教师作品：色彩','2015-05-27 21:46:40',NULL,0,1,'教师','/file/image/20160808/mmexport1420217892879.jpg',1317,13,0,0,0,'',1),(70,'教师作品：色彩','','教师作品：色彩','2015-05-19 05:46:59',NULL,0,1,'教师','/file/image/20160808/mmexport1420217892894.jpg',1343,13,0,0,0,'',1),(71,'教师作品：色彩','','教师作品：色彩','2015-08-08 05:47:16',NULL,0,1,'教师','/file/image/20160808/mmexport1420217892908.jpg',1100,13,0,0,0,'',1),(72,'教师作品：色彩','','教师作品：色彩','2015-07-09 05:47:37',NULL,0,1,'教师','/file/image/20160808/20160808214725psb.jpg',1190,13,0,0,0,'',1),(73,'教师作品：色彩','','教师作品：色彩','2015-05-18 21:47:52',NULL,0,1,'教师','/file/image/20160808/psb45.jpg',1344,13,0,0,0,'',1),(74,'教师作品：色彩','','教师作品：色彩','2015-07-23 21:48:13',NULL,0,1,'教师','/file/image/20160808/psb455.jpg',1146,13,0,0,0,'',1),(75,'教师作品：色彩','','教师作品：色彩','2015-07-16 05:48:56',NULL,0,1,'教师','/file/image/20160808/psb458.jpg',1169,13,0,0,0,'',1),(76,'教师作品：色彩','','教师作品：色彩','2015-07-29 21:49:12',NULL,0,1,'教师','/file/image/20160808/psb而特特.jpg',1128,13,0,0,0,'',1),(77,'教师作品：色彩','','教师作品：色彩','2015-06-24 13:49:46',NULL,0,1,'教师','/file/image/20160808/psb非国有.jpg',1234,13,0,0,0,'',1),(78,'教师作品：色彩','','教师作品：色彩','2015-07-29 21:50:07',NULL,0,1,'教师','/file/image/20160808/psb附图一.jpg',1128,13,0,0,0,'',1),(79,'教师作品：色彩','','教师作品：色彩','2015-02-14 13:50:21',NULL,0,1,'教师','/file/image/20160808/psb铁友.jpg',1624,13,0,0,0,'',1),(80,'教师作品：色彩','','教师作品：色彩','2015-06-03 13:50:41',NULL,0,1,'教师','/file/image/20160808/二.jpg',1297,13,0,0,0,'',1),(81,'教师作品：色彩','','教师作品：色彩','2015-08-13 13:50:54',NULL,0,1,'教师','/file/image/20160808/翻译psb.jpg',1084,13,0,0,0,'',1),(82,'教师作品：色彩','','教师作品：色彩','2015-08-06 21:51:14',NULL,0,1,'教师','/file/image/20160808/方廷皓.jpg',1104,13,0,0,0,'',1),(83,'教师作品：色彩','','教师作品：色彩','2015-08-08 05:51:38',NULL,0,1,'教师','/file/image/20160808/问题我.jpg',1100,13,0,0,0,'',1),(84,'教师作品：色彩','','教师作品：色彩','2014-07-23 21:51:52',NULL,0,1,'教师','/file/image/20160808/最幸福.jpg',2241,13,0,0,0,'',1),(85,'教师作品：速写','','教师作品：速写','2015-10-03 05:52:16',NULL,0,1,'教师','/file/image/20160808/345.jpg',932,21,0,0,0,'',1),(86,'教师作品：速写','','教师作品：速写','2015-09-28 05:52:32',NULL,0,1,'教师','/file/image/20160808/456.jpg',947,21,0,0,0,'',1),(87,'教师作品：速写','','教师作品：速写','2015-09-29 05:52:50',NULL,0,1,'教师','/file/image/20160808/464.jpg',944,21,0,0,0,'',1),(88,'教师作品：速写','','教师作品：速写','2015-09-26 13:53:09',NULL,0,1,'教','/file/image/20160808/4534.jpg',952,21,0,0,0,'',1),(89,'教师作品：速写','','教师作品：速写','2015-09-16 05:53:23',NULL,0,1,'教师','/file/image/20160808/4544.jpg',983,21,0,0,0,'',1),(90,'教师作品：速写','','教师作品：速写','2015-10-15 21:53:36',NULL,0,1,'教师','/file/image/20160808/34546.jpg',894,21,0,0,0,'',1),(91,'教师作品：速写','','教师作品：速写','2015-09-28 13:53:55',NULL,0,1,'教师','/file/image/20160808/353646.jpg',946,21,0,0,0,'',1),(92,'教师作品：速写','','教师作品：速写','2015-10-23 05:54:11',NULL,0,1,'教师','/file/image/20160808/456457.jpg',872,21,0,0,0,'',1),(93,'教师作品：速写','','教师作品：速写','2015-10-24 21:54:27',NULL,0,1,'教师','/file/image/20160808/464565.jpg',867,21,0,0,0,'',1),(94,'教师作品：速写','','教师作品：速写','2015-09-24 13:54:41',NULL,0,1,'教师','/file/image/20160808/20160808215433psb.jpg',958,21,0,0,0,'',1),(95,'教师作品：头像','','教师作品：头像','2016-03-12 13:55:26',NULL,0,1,'教师','/file/image/20160808/(⊙o⊙)…梯56.jpg',448,22,0,0,0,'',1),(96,'教师作品：头像','','教师作品：头像','2016-03-05 05:56:57',NULL,0,1,'教师','/file/image/20160808/342343.jpg',470,22,0,0,0,'',1),(97,'教师作品：头像','','教师作品：头像','2016-03-05 13:57:12',NULL,0,1,'教师','/file/image/20160808/mmexport1420217892567.jpg',469,22,0,0,0,'',1),(98,'教师作品：头像','','教师作品：头像','2016-03-12 21:57:27',NULL,0,1,'教师','/file/image/20160808/mmexport1420217892599.jpg',447,22,0,0,0,'',1),(99,'教师作品：头像','','教师作品：头像','2016-02-29 13:57:44',NULL,0,1,'教师','/file/image/20160808/mmexport1420217892864.jpg',484,22,0,0,0,'',1),(100,'教师作品：头像','','教师作品：头像','2016-03-26 13:58:15',NULL,0,1,'教师','/file/image/20160808/mmexport1420217892922.jpg',406,22,0,0,0,'',1),(101,'教师作品：头像','','教师作品：头像','2016-03-11 21:58:40',NULL,0,1,'教师','/file/image/20160808/psb45645.jpg',450,22,0,0,0,'',1),(102,'如何确立中国美术可持续发展观','<p style=\"font-family:宋体;font-size:14px;\">\r\n	<span style=\"font-size:14px;font-family:&quot;\"><span style=\"font-family:&quot;font-size:14px;line-height:21px;\">&emsp;&emsp;</span>当下中国美术面临的价值困境，是如何回应西方艺术进化论话语体系提出的“当代性”命题，以及在此种全球化语境的渗透中如何确立当代中国美术的发展观。</span> \r\n</p>\r\n<p style=\"font-family:宋体;font-size:14px;\">\r\n	<span style=\"font-size:14px;font-family:&quot;\">&emsp;&emsp;新世纪以来，随着中国艺术家参与国际双年展机遇的增多和国内创办国际双年展的蓬勃兴盛，欧美流行的当代艺术开始大面积地冲击国内架上艺术，阿瑟·丹托的艺术终结论也渐浸国内学界。这不仅影响了国内民族美术的健康发展，而且绘画能否进入当代艺术史让某些美术家心存疑虑。一些批评家认为，进入工业化社会，摄影就取代了人类以手工艺术为表征的绘画，摄影成为图像叙事的主角，绘画从此进入本体自立的时代；进入信息化社会，电子图像已完全替换了人类所有的图像生产与传播，艺术从此进入观念创意的新媒体时代。还有的批评家认为，全球化时代所建立起来的当代艺术，是一种真正意义上的国际艺术，这种国际艺术不仅消解了艺术种类的分割，使艺术门类边界模糊、画种概念趋于融混，而且消解了艺术的地域性与民族性。正是基于此种对于艺术“当代性”的理解，造成了国内不少青年艺术家主动放弃包括国画、油画、版画和雕塑在内的架上艺术，而积极投身以观念、行为、装置、影像等为代表的当代艺术创作，并认为国内这种仍然持守单一艺术品种划分的创作，是一种保守的过去时的艺术，必将为国际性的当代艺术所取代。具有西方色彩的“当代性”，成为当下许多批评家进行艺术判断的关键词和核心话语，而不忍离弃架上艺术创作的一些美术家也常常为“当代性”所困，他们既不能在学理上找到架上艺术是否存在发展空间的理论依据，也不能明晰图像时代的绘画究竟是否存在艺术史的价值。</span> \r\n</p>\r\n<p style=\"font-family:宋体;font-size:14px;\">\r\n	<span style=\"font-size:14px;font-family:&quot;\">&emsp;&emsp;显然，建立和持有什么样的艺术发展观也决定了怎样的“当代性”判断。西方艺术所确立的艺术进化论发展观由来已久，且不说欧洲社会政治、经济、哲学对于其艺术的影响，就欧洲绘画而言也许和科学走得最近。如果没有透视学和解剖学的发明与建立，就不可能形成奠定欧洲近代艺术发展基础的文艺复兴写实绘画；如果没有对光谱学的发现，也就不可能形成追求光色表现的印象主义。可以说，艺术和科学一样，是西方文化认知自然与社会的两种基本途径，这便决定了西方艺术的演进总是伴随着自然科学的发现而获得新的发展动力，也造成了从19世纪末到20世纪直至今天，西方美术总是以进化论的思维方法来提供理论支撑。正因如此，1839年达盖尔发明照相机，便开始动摇了西方模仿再现的艺术理论根基，当时画家保罗·德拉罗什就宣布绘画的死亡。此后，有关架上艺术终结之焦虑从未削减。其实，西方艺术史一直存在两个主要情结，一个是瓦萨里情结，一个是格林伯格情结。瓦萨里把绘画构建为再现的艺术，认为其随着时间的推移越来越精微地“征服视觉表象”。当电影证明能够比绘画更好地描绘现实时，这种绘画叙事就终结了。现代主义发轫于提出绘画自身不依据叙事所具有的那些价值，格林伯格根据艺术的识别条件，重新界定了形成绘画艺术与其他所有艺术相区别的“平面性”语言。而在后现代社会，绘画已被新媒体极其强大的图像生产与传播功能所挤迫，艺术家从图像生产的牢笼中解放，转向了观念的赋予与创造。</span> \r\n</p>\r\n<p style=\"font-family:宋体;font-size:14px;\">\r\n	<span style=\"font-size:14px;font-family:&quot;\">&emsp;&emsp;然而，中国当代美术的创作实践并非按照西方艺术史的演变轨迹来进化。国画在经历20世纪主动接受西方写实绘画的改良和现代主义的洗礼之后，在水墨与工笔两个领域均获得了长足发展；油画在被主动引进中国的百年后，不仅在持续研习欧洲油画传统和反映当代中国现实生活的过程中获得了本土性的深化，而且得到了面貌多样的当代性拓展；版画在新世纪以来众多青年艺术家的多元探索下，具备了颇为深入的当代性特征；水彩、漆画、综合材料绘画等，已逐步建立起相对完备和独特的艺术语言体系。特别是随着中国经济实力的不断增强，中国艺术市场的成交额已跃居世界前列，中国这些当代美术品类的繁荣，实际上都得到了前景广阔的市场经济的支撑。当代中国美术的探索实践和社会认同度，无疑打破了一些欧美艺术理论的断言，也远远超出了他们的艺术批评视野与学术判断。</span> \r\n</p>\r\n<p style=\"font-family:宋体;font-size:14px;\">\r\n	<span style=\"font-size:14px;font-family:&quot;\">&emsp;&emsp;应当承认，20世纪以来尤其是新时期以来的中国美术发展与现代性转型，都是深度引进、借鉴和参照欧美艺术发展史的结果。从这个角度看，中国当代美术价值观是对西方美术一些基本价值命题的参照与沿用，但也因中国用这百年时间浓缩西方近代数百年的艺术演变理念，尤其是在新时期才真正全方位地打开西方数百年的艺术视野，这便造成了西方艺术史的演进逻辑对于当代中国美术发展的部分失效，也即中国对西方造型艺术的研习及对其架上艺术的认知，既可能是顺时的，更可能是逆时的。值得称道的是，中国美术在这种引进与借鉴中，始终没有放弃主体性立场，这其中不仅有民族艺术传统的主体，也有我党从20世纪40年代开始倡导并逐步建立起来的以人民为创作导向的国家美术主体。最关键的是，西方艺术史的演变逻辑并没有包含对中国传统绘画的认知，也即西方艺术进化论所探讨的核心命题并未覆盖中国画学理论。譬如，中国画学从来都是在主客体之间寻求平衡适度的艺术，既不崇尚再现也未脱离物象，这就使得照相术的发明和这种东方绘画并不直接发生艺术变革的逻辑关联，因而图像生产的机械化或数码化也都不会对此构成一种本质上的威胁。</span> \r\n</p>\r\n<p style=\"font-family:宋体;font-size:14px;\">\r\n	<span style=\"font-size:14px;font-family:&quot;\">&emsp;&emsp;与伴随科技发展而不断进化的西方艺术不完全相同，中国传统美术的演变远离科技文明的递进，其文化发展思维道技并举，并往往呈现“进”与“退”同时并存的现象。南梁刘勰在《文心雕龙》中曾有“迹有巧拙，艺无古今”的论断。也即，在中国人看来，创新并不是衡量艺术发展最重要的价值标准。作品艺术水准的优劣比新旧更重要。元代赵孟&nbsp;提出了“作画贵有古意”的命题，“以旧为新”“借古开今”从此也成为中国画学演变的另一种重要思想方法。这或许也说明了为何中国画在引进西方写实造型之后，依然要以是否符合中国画写意特征来进行价值判断的重要缘由。中国画自南齐谢赫提出“六法”之后，“骨法用笔”“气韵生动”等的价值判断至今未变，这说明在中国民族文化的潜意识里有关国画乃至有关艺术，都存在着某种恒定的价值准则，而国画的演变只是在这个恒定的价值系统里加入了时代的、个性的乃至异质文化的元素，并对其进行修正、调整、新创和再造。对于每个时代、每位个体艺术家而言，研习和传承这种恒定的艺术价值系统，就成为一条从古至今绵延不绝的文化脉络，新创与再造都是在这条脉络的主干上进行的修补、添加和增色。与西方艺术跳跃式或断裂式的进化相比，中国美术的发展具有完整的延续性特质，是延续中的递进或后退，这或许就是东西方美术在艺术发展观上存在的巨大差异。</span> \r\n</p>\r\n<p style=\"font-family:宋体;font-size:14px;\">\r\n	<span style=\"font-size:14px;font-family:&quot;\">&emsp;&emsp;任何一个国家、任何一个时代、任何一个美术家的艺术发展与探索，都必然要面对怎样处理历史与当下、本土与他者的关系问题。当代中国美术发展观对于“当下性”的理解，就是秉持传承与创造的辩证统一。这是当代中国美术对于艺术发展持有的一种基本态度和方法。这种价值观首先强调中国当代美术对于中外一切美术传统精华的延续，而不是断裂或颠覆；其次则是在延续与传承的基础上进行时代性变革与个性化创造，没有哪一种能够完全脱离民族或国家文化血脉的所谓国际主义的艺术。当代中国美术的发展实践证明，颠覆传统的所谓“当代”和专事摹仿的所谓“传统”，都难以经得起历史的考量；而欧洲油画在中国的再生，也表明异质文化的交互作用能够生发新的文化变异，这同样是美术可持续发展的动力！令人欣慰的是，当代一些欧美艺术家、批评家也开始反思架上艺术是否真的进入了坟墓，有关人类艺术的发展方式值得东西方两种文明进行更深入的交流与探讨。因而，不盲从、不迷信某些惊世骇俗的西方理论学说，也许才能真正坚定地探寻中国美术自主发展的路！</span> \r\n</p>\r\n<p style=\"font-family:宋体;font-size:14px;\">\r\n	<span style=\"font-size:14px;font-family:&quot;\">&emsp;&emsp;（尚辉）</span> \r\n</p>','当代中国美术的发展实践证明，颠覆传统的所谓“当代”和专事摹仿的所谓“传统”，都难以经得起历史的考量；而欧洲油画在中国的再生，也表明异质文化的交互作用能够生发新的文化变异，这同样是美术可持续发展的动力！令人欣慰的是，当代一些欧美艺术家、批评家也开始反思架上艺术是否真的进入了坟墓，有关人类艺术的发展方式值得东西方两种文明进行更深入的交流与探讨。因而，不盲从、不迷信某些惊世骇俗的西方理论学说，也许才能真正坚定地探寻中国美术自主发展的路！','2016-02-22 14:12:00','2016-02-23 06:13:34',0,1,'尚辉|光明日报','/file/image/20160808/res06_attpic_brief.jpg',504,6,1,0,0,'',0),(103,'艺考曾是上大学“捷径” 但以后绝非是“坦途”','<p style=\"color:#333333;font-family:&quot;font-size:14px;\">\r\n	&emsp;&emsp;今年高考录取已近尾声。据统计，今年共有3.1万高三学生报考艺术类专业，涉及专业包括美术与设计学类、音乐学类、舞蹈学类、戏剧与影视学类(表演)、戏剧与影视学类(广播电视编导)等。\r\n</p>\r\n<p style=\"color:#333333;font-family:&quot;font-size:14px;\">\r\n	&emsp;&emsp;一直以来，和普通高考同时进行的艺术高考，尤其是参与学生数量最多的美术类专业高考及各高校校考，都被家长和学生视作“曲线救国”上大学的“捷径”。但近几年，随着相关教育政策的收紧，这一“捷径”却越来越不平坦。\r\n</p>\r\n<p style=\"color:#333333;font-family:&quot;font-size:14px;\">\r\n	&emsp;<strong>&emsp;组织美术校考的高校越来越少</strong> \r\n</p>\r\n<p style=\"color:#333333;font-family:&quot;font-size:14px;\">\r\n	&emsp;&emsp;以往每年从12月份开始到次年的3月份，是众多有美术类专业的高校大规模组织校考的时间段，最多的时候，组织美术类专业校考的高校可以达到一两百所。去年，在湖北组织美术校考的高校有140多所，但今年锐减到60多所。\r\n</p>\r\n<p style=\"color:#333333;font-family:&quot;font-size:14px;\">\r\n	&emsp;&emsp;湖北省内，除湖北美术学院外，今年取消美术校考的高校包括华中科技大学、武汉理工大学、中南财经政法大学、华中农业大学、中南民族大学、湖北大学、江汉大学等多所院校，均不组织美术与设计学类专业的“校考”，直接使用全省统考成绩作为考生的专业成绩进行录取。即使是其他艺术类专业的“校考”，也仅只有少数高校组织。\r\n</p>\r\n<p style=\"color:#333333;font-family:&quot;font-size:14px;\">\r\n	&emsp;&emsp;青山区一所高中美术班班主任介绍，以往，艺考的两三个月，一个考生可以至少参加一二十所高校的校考。但今年她的学生能参加的美术类校考仅仅只有一两所高校。“校考少了后，学生上大学的选择面实际上大幅度减小了。”\r\n</p>\r\n<p style=\"color:#333333;font-family:&quot;font-size:14px;\">\r\n	&emsp;&emsp;该老师说。因为取消校考后，高校只能把美术联考的成绩作为录取依据，看不出专业的区分度，且联考成绩有时难以拉开学生之间的距离。\r\n</p>\r\n<p style=\"color:#333333;font-family:&quot;font-size:14px;\">\r\n	&emsp;&emsp;在谈到今后高校艺术类招生的相关政策时，省招办明确指出，为了减少艺考生负担，降低校考的考试风险，使艺考更加公平、公开、公正，国家取消美术类专业校考将是必然趋势。\r\n</p>\r\n<p style=\"color:#333333;font-family:&quot;font-size:14px;\">\r\n	&emsp;&emsp;<strong>专业考试越来越难</strong> \r\n</p>\r\n<p style=\"color:#333333;font-family:&quot;font-size:14px;\">\r\n	&emsp;&emsp;今年，报考参加湖北省美术联考的考生约1.9万人，较去年减少近3000人。实际上，近6年来，报名美术联考的考生人数一直在下降。从2010年到2016年，6年间考生人数从2.9万人减少到1.9万人。\r\n</p>\r\n<p style=\"color:#333333;font-family:&quot;font-size:14px;\">\r\n	&emsp;&emsp;而和报考人数减少相反，联考和少数高校的校考的考试题目，难度并未降低，甚至还越来越难。\r\n</p>\r\n<p style=\"color:#333333;font-family:&quot;font-size:14px;\">\r\n	&emsp;&emsp;湖北省美术联考的试题包括色彩、素描和速写。今年考生要画鲜花、陶罐、苹果和橘子，默写部分是盛有半杯红酒的高脚杯和水果刀，素描考题为接听手机的男青年肖像模拟写生，速写考题为模拟写生一位男青年和一位女青年手机自拍动态组合。\r\n</p>\r\n<p style=\"color:#333333;font-family:&quot;font-size:14px;\">\r\n	&emsp;&emsp;“其实平时陶罐、水果之类的我们平时练习得很多，题目不算难，但越平实的东西越难画出彩。”洪山区今年的美术考生小赵说，美术联考注重考查学生基本功，如果是半路出家的学生，几个月的“临时抱佛脚”突击学习很难拿高分。\r\n</p>\r\n<p style=\"color:#333333;font-family:&quot;font-size:14px;\">\r\n	&emsp;&emsp;湖北美术学院是省内设置校考的少数高校之一，近几年该校每年招生计划均为2000人。相比往年，今年报名校考的考生比去年减少6000人次，但该校试题难度近几年逐年增加。去年该校考过“头盔和鸡尾酒组合”，除了考查学生基本功，更剔除了指望投机的考生。今年该校3门科目考题全部从实物写生改为画照片，既保证了公平公正、杜绝泄露考题，更让一些平时习惯了“题海战术”的美术考生难以适应。\r\n</p>\r\n<p style=\"color:#333333;font-family:&quot;font-size:14px;\">\r\n	&emsp;&emsp;<strong>文化分要求越来越高</strong> \r\n</p>\r\n<p style=\"color:#333333;font-family:&quot;font-size:14px;\">\r\n	&emsp;&emsp;近两年，艺术高考报考人数减少主要原因，一方面是近几年全省生源总人数在逐年减少，另外更重要的影响在于，文化分的“门槛”逐年提高，对那些平时文化成绩相对较差，想通过艺术高考上大学的考生来说，这也许是最关键的问题。\r\n</p>\r\n<p style=\"color:#333333;font-family:&quot;font-size:14px;\">\r\n	&emsp;&emsp;从2015年开始，各大高校在录取艺术类考生时已加大文化分在录取中的比重。近几年，鲁迅美术学院、北京电影学院、北京服装学院等各大艺术类院校，相继提高了艺考生的文化分比重。而一些综合类大学也在统考成绩的基础上，提高了艺考生的分数线。\r\n</p>\r\n<p style=\"color:#333333;font-family:&quot;font-size:14px;\">\r\n	&emsp;&emsp;去年，教育部明确规定，艺术类本科专业录取控制分数线不得低于本省(区、市)普通本科第二批次录取控制分数线的65%，艺术类高职(专科)专业录取控制分数线不得低于本省(区、市)普通高职(专科)录取控制分数线的70%。\r\n</p>\r\n<p style=\"color:#333333;font-family:&quot;font-size:14px;\">\r\n	&emsp;&emsp;今年艺术专业的文化分分数线虽然统一划定，但各个高校都有自己的分数线，普通的高校也许达到分数线就能上，但重点院校如中央美院、中国传媒大学等都还是需要450分以上甚至500多分的文化课成绩。\r\n</p>\r\n<p style=\"color:#333333;font-family:&quot;font-size:14px;\">\r\n	&emsp;&emsp;湖北省的高校近两年对文化分也有了限制，华中师范大学要求，专业校考合格的投档考生，文化线分数必须达到生源省份文化线上20分，部分专业英语(精品课)要求达到70分以上；湖北工业大学要求英语60分以上；湖北美术学院部分专业除了对考生英语有要求外，今年取消了招收优录生，同时要求语文成绩要不低于80分甚至85分。\r\n</p>\r\n<p style=\"color:#333333;font-family:&quot;font-size:14px;\">\r\n	&emsp;&emsp;武汉市钢都中学美术班班主任尹志星老师说，有时候文化分一分之差就可以影响到考生的就读大学。她今年毕业的两名美术专业学生，文化分总分一样，都想报考中南财经政法大学同一个专业，但该专业规定，英语要到80分以上，其中一名学生因一分之差而不得不放弃。\r\n</p>\r\n<p style=\"color:#333333;font-family:&quot;font-size:14px;\">\r\n	&emsp;<strong>&emsp;艺考热该回归理性了</strong> \r\n</p>\r\n<p style=\"color:#333333;font-family:&quot;font-size:14px;\">\r\n	&emsp;&emsp;“艺术考试，曾经是上大学‘捷径’，以后绝非是‘坦途’。”尹志星说，多数选择艺考的学生艺术功底欠缺，文化课基础也比较薄弱，除非是投入大量的精力和经济支持，学生本人也要能够坚持，才会让“捷径”真正都通，否则“捷径”也会变成“死路”。\r\n</p>\r\n<p style=\"color:#333333;font-family:&quot;font-size:14px;\">\r\n	&emsp;&emsp;尹志星认为，今后随着艺术高考政策越来越收紧，对学生的专业和文化成绩的要求只会越来越高，学生想通过艺考上好大学，两方面的基础都不能太差，对那些希望“曲线救国”的学生和家长，将促使他们在选择艺术专业时更加理性。\r\n</p>\r\n<p style=\"color:#333333;font-family:&quot;font-size:14px;\">\r\n	&emsp;&emsp;武汉市一所高中的教学副校长说，由于生源质量有限，有些学校会把艺考作为学生上大学的途径，学校也因此发展特长教育，提高升学率，但随着艺考政策的变化，学校的办学方式和方法也有了新的考验，应该会更注重学生的特长和素质教育，并选拔真正有艺术潜力的学生走艺考之路。\r\n</p>','今年高考录取已近尾声。据统计，今年共有3.1万高三学生报考艺术类专业，涉及专业包括美术与设计学类、音乐学类、舞蹈学类、戏剧与影视学类(表演)、戏剧与影视学类(广播电视编导)等。一直以来，和普通高考同时进行的艺术高考，尤其是参与学生数量最多的美术类专业高考及各高校校考，都被家长和学生视作“曲线救国”上大学的“捷径”。但近几年，随着相关教育政策的收紧，这一“捷径”却越来越不平坦。','2016-02-25 22:17:16','2016-02-26 06:19:08',0,1,'东方网','/file/image/20160808/QQ截图20160808221649.png',495,6,0,0,0,'',0),(104,'艺术系统是否需要素人绘画','<p style=\"font-size:16px;font-family:&quot;background-color:#FFFFFF;\">\r\n	&emsp;一般来讲，素人<a href=\"http://search.xinmin.cn/?q=%E7%94%BB%E5%AE%B6\" target=\"_blank\" class=\"keywordsSearch\">画家</a>是指完全没有受过专业训练，也没有按照以往绘画学习的规则来作画的人。我们不能简单地以是否读过美术学院为标准来评判一个人是否是素人<a href=\"http://search.xinmin.cn/?q=%E7%94%BB%E5%AE%B6\" target=\"_blank\" class=\"keywordsSearch\">画家</a>，因为有些人虽然没有读过美术学院，但是他们的自学遵循着艺术的规律和要求，我认为这也不能称为“素人<a href=\"http://search.xinmin.cn/?q=%E7%94%BB%E5%AE%B6\" target=\"_blank\" class=\"keywordsSearch\">画家</a>”。\r\n</p>\r\n<p style=\"font-size:16px;font-family:&quot;background-color:#FFFFFF;\">\r\n	&emsp;&emsp;素人画哪个时代都会有，为什么近些年来能够迅速兴起?我认为有两个方面的主要原因。\r\n</p>\r\n<p style=\"font-size:16px;font-family:&quot;background-color:#FFFFFF;\">\r\n	&emsp;&emsp;首先素人画有兴起的社会背景，既有的艺术系统需要不断更新，需要吸收外界不同因素来改变原来的艺术规则，尤其是二战以后，进入到后现代和当代，出现了许多颠覆既有规则的<a href=\"http://search.xinmin.cn/?q=%E8%89%BA%E6%9C%AF%E5%88%9B%E4%BD%9C\" target=\"_blank\" class=\"keywordsSearch\">艺术创作</a>，这些作品超乎寻常，对社会伦理和规则提出挑战，也会从那些边缘的非专业的绘画形式中吸收养料。\r\n</p>\r\n<p style=\"font-size:16px;font-family:&quot;background-color:#FFFFFF;\">\r\n	&emsp;&emsp;素人画总体上有几个共同的特征，就是造型稚拙，组合奇幻，比较喜欢用没有经过调和的纯色，相对于造型严谨的写实绘画，或是讲究构成的抽象绘画，就会形成一种冲击，大家觉得这是可以用来补充新的视觉元素的一种绘画类型。另外我们也注意到，现在有一些真正的素人画和专业绘画里的“坏画”很相近，为什么会这样?因为整个艺术界都有寻求颠覆既有艺术系统和规则的诉求在里面，就会把素人绘画纳入进来，同时专业领域里面也有一部分人开始向素人绘画靠近，采取一种素人画的形式，画得看起来像不会画画一样，两者有点合流了。在这样一个大的背景之下，素人绘画自然就会受到关注，成为一种趋势。\r\n</p>\r\n<p style=\"font-size:16px;font-family:&quot;background-color:#FFFFFF;\">\r\n	&emsp;&emsp;另外，新技术环境下，素人和非素人，专业和非专业之间的界限日益被打破。在新技术时代，所有的技术都日益简洁、平民、傻瓜化，比如手机拍照修图软件，操作已经非常简单方便，在<a href=\"http://search.xinmin.cn/?q=%E8%89%BA%E6%9C%AF%E9%A2%86%E5%9F%9F\" target=\"_blank\" class=\"keywordsSearch\">艺术领域</a>，之前可能只有专业人士才能做的新技术作品，现在所有人都可以参与到创作当中来，当然它不仅仅局限于绘画这一领域。\r\n</p>\r\n<p style=\"font-size:16px;font-family:&quot;background-color:#FFFFFF;\">\r\n	&emsp;&emsp;但是，这里面也存在一个问题，虽然艺术被普遍化了，并不代表素人绘画会越来越成为主角，因为艺术规则以及艺术书写系统仍然是精英化的，非自觉的素人绘画只是作为整个艺术系统可以吸收的养料、可以添加的材料来被认知和认同。艺术系统本身的创新、颠覆诉求，使得它们浮出水面，成为一个很活跃的现象，但是终归是被选择、被吸收的一方，规则还是掌握在专业的领域。如同现在越来越多的摄影大赛，把大众摄影纳入其中，并不是说所有的平民拍照都能够进入到一个专业展览当中，其实这也是一个被选择的过程，选择权是在专业领域。说到摄影还有一个比较有趣的现象，现在平民有时显得越来越专业化，而专业人士反而不断用手机或一些网络软件拍照，有人开玩笑说，一出去就掏出专业相机的其实是摄影爱好者，拿手机在拍照的反而是专业摄影家。这也说明了一个问题，专业摄影家敏感到了新技术环境下的这样一种大众化倾向，他们很能动地来掌握这种趋向，按照某种思想逻辑有意识地利用新技术来组织作品，而这种能力还是基于他们本身的专业素养。\r\n</p>\r\n<p style=\"font-size:16px;font-family:&quot;background-color:#FFFFFF;\">\r\n	&emsp;&emsp;大部分素人绘画都处在一种不自觉、被选择的状态，其中有些正好借助某种事件和时机被选择了，但这不是所有素人<a href=\"http://search.xinmin.cn/?q=%E7%94%BB%E5%AE%B6\" target=\"_blank\" class=\"keywordsSearch\">画家</a>的共同前途，不可能所有人都有机会被选择，对于素人<a href=\"http://search.xinmin.cn/?q=%E7%94%BB%E5%AE%B6\" target=\"_blank\" class=\"keywordsSearch\">画家</a>来说，如果真正要进入到艺术史书写当中的话，他还是应该要对艺术系统有所了解，能动地为这个系统提供某种思想的活力，才有可能获得主动权，能动地决定自己的方向，否则就只能是整个系统里面添加的一个元素。\r\n</p>\r\n<p style=\"font-size:16px;font-family:&quot;background-color:#FFFFFF;\">\r\n	&emsp;&emsp;也有部分素人<a href=\"http://search.xinmin.cn/?q=%E7%94%BB%E5%AE%B6\" target=\"_blank\" class=\"keywordsSearch\">画家</a>被选择之后，慢慢地不甘心于自己非专业的身份，去专业院校学习，由于每人悟性、年龄各方面的差异，假如又从石膏、素描学起，很可能学得四不像、不伦不类了，比较悲催的是，即使学得很好，也问题很大，因为这可能正好是所谓的专业院校前沿艺术家们要抛弃的那套规则和传统，本来人家看中的是他们与专业系统不一样的地方，现在学的却是跟专业系统一样的东西，尤其是具象写实这套系统，学得不像很糟糕，学得像也糟糕。如果没有把自己看成一个真正的艺术家，那么无所谓;如果有的素人<a href=\"http://search.xinmin.cn/?q=%E7%94%BB%E5%AE%B6\" target=\"_blank\" class=\"keywordsSearch\">画家</a>有意识要成为一名艺术家的话，那我认为学习是必要的，但此时学习目的不是改变自己既有的画法，而是去增强思想、哲学等各方面的文化素养，使自己能够认识到自己的创作行动到底是怎么一回事，自己的艺术实践在整个艺术系统当中到底是怎么一回事，把懵懂状态转化为自觉自明的状态，慢慢有意识地去选择自己的方向，进入到真正的艺术系统当中来。这是有可能达到的，实际上也有这样的一些例子，比如采用和专业艺术家合伙的方式，专业艺术家选择的是素人的某些独到之处，而素人又正好借助专业艺术家进入到艺术系统。总之要真正要进入到艺术系统，还是需要素人<a href=\"http://search.xinmin.cn/?q=%E7%94%BB%E5%AE%B6\" target=\"_blank\" class=\"keywordsSearch\">画家</a>能够自觉起来，但是这条路很艰难。\r\n</p>\r\n<p style=\"font-size:16px;font-family:&quot;background-color:#FFFFFF;\">\r\n	&emsp;&emsp;(胡斌，广州美术学院艺术与人文学院副教授）\r\n</p>','一般来讲，素人画家是指完全没有受过专业训练，也没有按照以往绘画学习的规则来作画的人。我们不能简单地以是否读过美术学院为标准来评判一个人是否是素人画家，因为有些人虽然没有读过美术学院，但是他们的自学遵循着艺术的规律和要求，我认为这也不能称为“素人画家”。','2016-02-13 06:20:10','2016-02-13 06:22:23',0,1,'胡斌','/file/image/20160808/QQ截图20160808222148.png',533,6,0,0,0,'',0),(105,'江苏高中音乐、美术课将纳入学测','<div align=\"center\" style=\"padding:0px;margin:0px;font-family:微软雅黑, 宋体;font-size:16px;\">\r\n	<div align=\"center\" style=\"padding:0px;margin:0px;\">\r\n		高中音乐、美术课将纳入学测&nbsp;<a href=\"http://news.hexun.com/jiangsu/index.html\" target=\"_blank\">江苏</a>全面加强美育课程，初中毕业生艺术成绩也将计入中考分数\r\n	</div>\r\n	<div align=\"center\" style=\"padding:0px;margin:0px;\">\r\n		<div align=\"center\" style=\"padding:0px;margin:0px;\">\r\n			<img src=\"http://i5.hexunimg.cn/2016-08-06/185362592.jpg\" alt=\"专家表示，这些举措有利于中小学开足开齐音乐、美术课 资料图片\" border=\"1\" align=\"middle\" style=\"border:1px solid #000000;height:auto;\" /> \r\n		</div>\r\n	</div>\r\n	<div align=\"center\" style=\"padding:0px;margin:0px;\">\r\n		<span>专家表示，这些举措有利于中小学开足开齐音乐、美术课 资料图片</span> \r\n	</div>\r\n</div>\r\n<p style=\"font-family:微软雅黑, 宋体;font-size:16px;\">\r\n	&emsp;&emsp;除了语数外物化生等科目，音乐、美术类科目也将纳入高中学业水平测试，并作为高校艺术专业录取依据；初中毕业生艺术素质测评结果计入中考成绩……昨天，江苏省政府发布《关于全面加强和改进学校美育工作的实施意见》（以下简称《意见》），有专家表示，这些举措将有利于中小学开足开齐音乐、美术课，但具体的考试方案与实施细则，目前正在调研中。\r\n</p>\r\n<p style=\"font-family:微软雅黑, 宋体;font-size:16px;\">\r\n	&emsp;&emsp;现代快报/ZAKER南京记者 金凤\r\n</p>\r\n<p style=\"font-family:微软雅黑, 宋体;font-size:16px;\">\r\n	&emsp;&emsp;普通高中艺术课程纳入学业水平测试\r\n</p>\r\n<p style=\"font-family:微软雅黑, 宋体;font-size:16px;\">\r\n	&emsp;&emsp;目前，江苏高中的学业水平测试科目有政治、历史、地理、物理、化学、生物、技术7门，并没有艺术类科目。而在江苏省教育厅今年2月发布的江苏省考试招生制度改革最新方案中，学业水平测试科目的调整已经是板上钉钉，即，《普通高中课程方案（实验）》所设定的13门科目均列入必考科目范围。这13门课程包括语文、数学、英语（或日语、俄语）、物理、化学、生物、历史、地理、技术、艺术、音乐、美术、体育与健康。\r\n</p>\r\n<p style=\"font-family:微软雅黑, 宋体;font-size:16px;\">\r\n	&emsp;&emsp;而在《意见》中，艺术纳入高考有了更明确的表述。“将普通高中艺术课程纳入学业水平测试并作为高校艺术专业录取依据，将高校艺术类选修课程纳入学分制考核管理。”\r\n</p>\r\n<p style=\"font-family:微软雅黑, 宋体;font-size:16px;\">\r\n	&emsp;&emsp;“根据教育部新一轮高考改革规划，学业水平测试会将所有学科纳入其中，但至于怎么考，由各省根据实际情况来确定考试方案。例如艺术科目测试是省里统一考试，还是制定考核标准，由各市或者学校去考察，现在还没有确定考核方案，但测试方式未必是全省统考。”江苏省教育厅基教处相关负责人表示，目前，艺术类考试如何纳入学业水平测试，专家们还在调研。\r\n</p>\r\n<p style=\"font-family:微软雅黑, 宋体;font-size:16px;\">\r\n	&emsp;&emsp;南京某高校一位此前参与《意见》论证的艺术教育的专家说，将中小学艺术素质测评结果和课程成绩纳入监测，将有利于在基础教育中重视学生艺术素质的培养，未来可能最先会在江苏的部分城市试点。例如学生只有艺术课程达标了，才能参加高校的艺术专业考试，但最终如何实施还要等方案出台。\r\n</p>\r\n<p style=\"font-family:微软雅黑, 宋体;font-size:16px;\">\r\n	&emsp;&emsp;初三学生艺术素质测评结果计入中考成绩\r\n</p>\r\n<p style=\"font-family:微软雅黑, 宋体;font-size:16px;\">\r\n	&emsp;&emsp;此外，在中小学阶段，学生们的艺术素养是否达标，也将有全程监测。例如，“将小学生艺术素质测评结果纳入素质报告书，将初中毕业生艺术素质测评结果计入中考成绩。”\r\n</p>\r\n<p style=\"font-family:微软雅黑, 宋体;font-size:16px;\">\r\n	&emsp;&emsp;江苏省教育厅体卫艺处相关负责人介绍，目前，泰州正在试行将初中毕业生的艺术成绩计入中考，在泰州今年发布的高中阶段学校招生工作意见中，规定从2019年起，将音乐和美术学科成绩将分别以5分计入中考总分。“十三五末，艺术素质测评结果计入中考，将在江苏每个市推行。”\r\n</p>\r\n<p style=\"font-family:微软雅黑, 宋体;font-size:16px;\">\r\n	&emsp;&emsp;江苏省中小学教研室音乐教研员戴海云表示，艺术成绩计入中考，将促进学校开齐开足艺术课程，将使全体学生受益。\r\n</p>\r\n<p style=\"font-family:微软雅黑, 宋体;font-size:16px;\">\r\n	&emsp;&emsp;《意见》要求，小学、初中在开设音乐、美术课程的基础上，要创造条件开设舞蹈、戏剧、戏曲等校本课程和具有地域特色的地方课程。幼儿园普及艺术游戏课程。普通高中在开设规定学分要求的音乐、美术课程模块基础上，增设舞蹈、戏剧、戏曲、影视等教学模块，并将选修模块专业课程和校本课程纳入课程学分管理。高校把公共艺术课程纳入各专业人才培养计划，每个学生在校期间须通过艺术选修课程学习，获得至少2个学分方可毕业。\r\n</p>\r\n<p style=\"font-family:微软雅黑, 宋体;font-size:16px;\">\r\n	&emsp;&emsp;2020年，小学艺术专职教师将不低于六成\r\n</p>\r\n<p style=\"font-family:微软雅黑, 宋体;font-size:16px;\">\r\n	&emsp;&emsp;开足开齐艺术课程，艺术类教师够用么？《意见》中要求，各地要加大艺术教师招聘力度，保证学校按照国家课程方案规定的课时配齐配足艺术教师。力争到2020年，全省小学和初中艺术教师中，专职教师比例分别不低于60%和80%。\r\n</p>\r\n<p style=\"font-family:微软雅黑, 宋体;font-size:16px;\">\r\n	&emsp;&emsp;同时，省政府要求，实施《江苏省中小学音乐（舞蹈）、美术教师职业技能标准》，开展在职中小学艺术教师全员培训和考核。省每3年举办1次中小学音乐、美术教师教学基本功比赛，每2年举办1次高校艺术教育专业学生基本功展示活动。高校设立公共艺术教育管理校级专门机构，配备专职人员从事公共艺术教育教学管理，配齐公共艺术教师，其中专职教师比例不低于50%。加强各级专职艺术教研员队伍建设。\r\n</p>','开足开齐艺术课程，艺术类教师够用么？《意见》中要求，各地要加大艺术教师招聘力度，保证学校按照国家课程方案规定的课时配齐配足艺术教师。力争到2020年，全省小学和初中艺术教师中，专职教师比例分别不低于60%和80%。','2016-02-24 06:25:27','2016-02-24 06:25:47',0,1,'现代快报','/file/image/20160808/185362592.jpg',500,6,0,0,0,'',0),(106,'2015-2016缀美画室户外教学，学生体验速画技巧','<p style=\"text-align:center;\">\r\n	<br />\r\n</p>\r\n<p style=\"text-align:center;\">\r\n	<span style=\"font-size:16px;\"><strong>整理中...</strong></span> \r\n</p>\r\n<p style=\"text-align:center;\">\r\n	<img src=\"/file/image/20160808/876.jpg\" alt=\"\" /><img src=\"/file/image/20160808/45634.jpg\" alt=\"\" /><img src=\"/file/image/20160808/567456.jpg\" alt=\"\" /><span style=\"line-height:1.5;\"></span> \r\n</p>','2015-2016年，缀美进行了多次户外写生，与大自然接触的同时进行美术教学。学生们都十分的认真，也学习到了不少，比较画室中的静物与户外是不一样的。','2016-02-28 22:34:24','2016-02-28 22:36:28',0,1,'庞老师','/file/image/20160808/QQ截图20160808223404.png',486,14,0,0,0,'',0),(107,'齐白石温文尔雅，竭尽全能收购自己的假画','<ul class=\"pl_r_b pl_r_bt\" style=\"text-align:justify;font-size:16px;font-family:宋体, Arial, HELVETICA;\">\r\n	<p style=\"text-indent:2em;\">\r\n		齐白石成名后，仿制他的假画到处出现。这事要是搁在一般人身上，肯定大发雷霆，齐白石却温文尔雅，竭尽全能收购自己的假画。\r\n	</p>\r\n	<p style=\"text-indent:2em;\">\r\n		梅兰芳有个朋友花二百两银子买到一幅署名“齐白石”的《春耕图》，高兴得不得了，认为人和牛都栩栩如生，肯定是一幅真品。\r\n	</p>\r\n	<p style=\"text-indent:2em;\">\r\n		某日，梅兰芳碰到齐白石，谈话中提起了这件事。齐白石突然感到好奇，想弄清楚那是自己何时画的，就托梅兰芳把画借来，但一眼就看出是伪造的，并指出了赝品的伪劣之处。梅兰芳一时傻了眼，想不到竟是这个结局。不过，齐白石却对梅兰芳表示，不能让那位朋友吃亏，他要把假画买回，另画一幅《春耕图》还给对方。20多分钟后，一幅《春耕图》画好了，齐白石盖了自己的印章，交给梅兰芳：“不裱了。请你同你的朋友说清原委，请他谅解吧。这一幅，我收下了。看来，我的画只有从我屋子里拿出去才不会是假的。”\r\n	</p>\r\n	<p style=\"text-indent:2em;\">\r\n		梅兰芳为齐白石的话深深感动，没想到老画家的胸襟是这样的开阔。\r\n	</p>\r\n	<p style=\"text-indent:2em;\">\r\n		还有一件收购假画的事更为传奇。齐白石某日在北京街道上，发现有个人摆摊子卖他的画，于是走上去指责对方，不该造假骗钱。不料那人竟振振有词地说：“凡是大画家，没有不遭人造假的，造的假越多，说明本人的名气就越大。若是一般三流画家，才没人会浪费时间去造假呢！”\r\n	</p>\r\n	<p style=\"text-indent:2em;\">\r\n		这理由把齐白石听得一愣一愣的，都不知如何应对了。那人又说：“眼前的假画比较便宜，是专门卖给喜爱艺术品而又穷的人，有钱人还是会买你的真画，对你不会有什么损失，请你别生气。”\r\n	</p>\r\n	<p style=\"text-indent:2em;\">\r\n		听他这话，似乎言之有理。于是，齐白石从地摊上拿起一幅画来细看一番，并且说：“有点意思。”继而表示想收对方为徒弟，问他愿不愿意。那人一听，立刻跪在地上，叩头拜师。\r\n	</p>\r\n	<p style=\"text-indent:2em;\">\r\n		外人不知的是，有时候齐白石的假画也很容易区分。因为他很迷信，也相信算命相师的话。住在长沙的算命大师舒贴上替他算过命，说他75岁会有一劫难。为了躲开这个劫难，75岁那年，他按虚岁习惯，给自己加了两岁，将他的虚岁由75岁改为77岁，外称自己77岁了。坊间造假画的人，不晓得此中机关，常在伪造齐白石老人的作品中，题款称“时年七十五”或“时年七十六”，因此露出了破绽。\r\n	</p>\r\n	<p style=\"text-indent:2em;\">\r\n		据《潮洲日报》\r\n	</p>\r\n</ul>','齐白石成名后，仿制他的假画到处出现。这事要是搁在一般人身上，肯定大发雷霆，齐白石却温文尔雅，竭尽全能收购自己的假画。','2016-08-05 17:47:38','2016-08-05 17:49:19',0,1,'银川日报','/file/image/20161206/20161206094822QQ截图20161206094238.png',868,24,0,0,0,'',0),(108,'奇葩艺术家用自己的屎给扎克伯格画肖像','<ul class=\"pl_r_b pl_r_bt\" style=\"text-align:justify;font-size:16px;font-family:宋体, Arial, HELVETICA;\">\r\n	<p>\r\n		纽约布鲁克林街头艺术家最近用自己的屎画了一幅Facebook创始人Mark Zuckerberg的肖像画。你可以说这幅画画的很臭，不会得罪人的。\r\n	</p>\r\n	<p>\r\n		&emsp;&emsp;KATSU在介绍中说这幅用艺术家自己的屎绘成的画描绘了一名比政府掌握更多信息的科技巨人。\r\n	</p>\r\n	<p>\r\n		&emsp;&emsp;据这位艺术家说，他吃了很多泰式食物，借助一面小镜子，他将屎拉在一只外带盒子里，并小心翼翼地将屎抹成Facebook创始人的样子。KATSU说每隔几分钟自己就要换一副橡胶手套，整个作画过程也是小心翼翼。\r\n	</p>\r\n	<p>\r\n		&emsp;&emsp;“我必须戴防毒面具，点有机熏香才能作画。”\r\n	</p>\r\n	<p>\r\n		&emsp;&emsp;这位画家还说人屎竟然如此稀，要一层一层涂抹要非常小心，他说：“水分太多，画一笔可能整个区域都被擦掉了。”\r\n	</p>\r\n	<p>\r\n		&emsp;&emsp;KATSU因为之前在全纽约城四处用灭火器喷涂鸦骷髅涂鸦已经是人尽皆知的名人，再加上之前他曾经张贴过扎克伯格被打肿眼睛的海报，这次用屎作画倒也没有那么唐突。\r\n	</p>\r\n	<p>\r\n		&emsp;&emsp;他的这件最新作品将收录于第一次个人艺术展“记住未来”里，届时将展出一系列结合了科技和艺术的作品。\r\n	</p>\r\n	<p>\r\n		&emsp;&emsp;2013年时KATSU说过，人类正处在互联网道路的分岔路口，作为物种，网络已经成为进化过程中的基本组成部分。有些人誓死捍卫隐私、争取自由、倡导匿名权，然而另一些人却要控制一切、监视一切、用互联网赚大钱。KATSU说想让大家知道自己的想法。\r\n	</p>\r\n</ul>','纽约布鲁克林街头艺术家最近用自己的屎画了一幅Facebook创始人Mark Zuckerberg的肖像画。你可以说这幅画画的很臭，不会得罪人的。','2016-08-14 01:50:42',NULL,0,1,'哈好网','/file/image/20161206/1422924872_afile.jpg',843,24,0,0,0,'',0),(109,'弘一法师诞辰134周年 黄永玉因偷花与其结下奇缘','<ul class=\"pl_r_b pl_r_bt\" style=\"text-align:justify;font-size:16px;font-family:宋体, Arial, HELVETICA;\">\r\n	<p>\r\n		2014年10月23日是我国著名艺术家、艺术教育家李叔同诞辰134周年。说起李叔同，可能有人会觉得陌生，但提到这首广为传唱的《送别》恐怕就无人不知、无人不晓了：“长亭外，古道边，芳草碧连天；晚风拂柳笛声残，夕阳山外山。天之涯，地之角，知交半零落；一杯浊酒尽余欢，今宵别梦寒。”这首歌的词作者便是我国近代艺坛上的这位杰出的先驱人物：李叔同，也就是后来的弘一法师。\r\n	</p>\r\n	<p>\r\n		<br />\r\n	</p>\r\n	<p>\r\n		艺术造诣卓越的全才：培养丰子恺、刘质平等名人\r\n	</p>\r\n	<p>\r\n		李叔同，1880年10月23日生于天津官宦富商之家，1942年九月初四圆寂于泉州。他是我国著名音乐家、美术教育家、书法家、戏剧活动家，是中国话剧的开拓者之一。他从日本留学归国后，担任过教师、编辑之职，后剃度为僧，法名演音，号弘一，晚号晚晴老人。后被人尊称为弘一法师。李叔同是“二十文章惊海内”的大师，集诗、词、书、画、篆刻、音乐、戏剧、文学于一身，在多个领域，开中华灿烂文化艺术之先河。同时，他在教育、哲学、法学、汉字学、社会学、广告学、出版学、环境与动植物保护、人体断食实验诸方面均有创造性发展。\r\n	</p>\r\n	<p>\r\n		李叔同把中国古代的书法艺术推向了极致。作为高僧书法家，弘一与历史上的一些僧人艺术家存有差异，如智永和怀素，尽管身披袈裟，但似乎他们的一生并未以坚定的佛教信仰和恳切实际的佛教修行为目的，他们不过是寄身于禅院的艺术家，“狂来轻世界，醉里得真知”，这完全是艺术家的气质与浪漫。\r\n	</p>\r\n	<p>\r\n		八大山人笔下的白眼八哥形象，讽刺的意味是显而易见的，他的画作实在为一种发泄，是入世的，并未超然。比之他们，弘一逃禅来得彻底，他皈依自心，超然尘外，要为律宗的即修为佛而献身，是一名纯粹的佛教大家。\r\n	</p>\r\n	<p>\r\n		<br />\r\n	</p>\r\n	<p>\r\n		李叔同艺术造诣卓越，先后培养出了名画家丰子恺、音乐家刘质平等一些文化名人。他苦心向佛，过午不食，精研律学，弘扬佛法，普渡众生出苦海，被佛门弟子奉为律宗第十一代世祖。他为世人留下了咀嚼不尽的精神财富，他的一生充满了传奇色彩，他是中国绚丽至极归于平淡的典型人物。\r\n	</p>\r\n	<p>\r\n		<br />\r\n	</p>\r\n	<p>\r\n		黄永玉与弘一法师：因放肆偷花相识的往事\r\n	</p>\r\n	<p>\r\n		著名画家黄永玉曾流浪泉州，那年未满18岁。在泉州开元寺，他与弘一法师李叔同结下一段奇缘。在他的长篇散文《蜜泪》中有过精彩的回忆。在开元寺的院落里内，初生牛犊般的黄永玉爬到玉兰树上去摘玉兰花，遇到一位“头顶秃了几十年”，“还留着稀疏胡子”的老和尚，问他：“喂！你摘花干什么呀？”他回答：“老子高兴，要摘就摘！”“你瞧，它在树上长得好好的……”“老子摘下来也是长得好好的！”“你已经来了两次了。”“是的，老子还要来第三次。”\r\n	</p>\r\n	<p>\r\n		老和尚不动声色，招呼他到房间里坐坐。后来，他看到房间里的桌子上摆有丰子恺、夏丏尊的信件，方才知道遇到了高人。丰子恺是老和尚的学生，夏丏尊是他的熟人……相处时间不长，弘一法师跟黄永玉谈过一些美术知识，拉斐尔、达·芬奇、米开朗基罗……圆寂前四天，弘一法师还给黄永玉写过一张条幅：“不为自己求安乐，但愿世人得离苦。”\r\n	</p>\r\n	<p>\r\n		<br />\r\n	</p>\r\n	<p>\r\n		林语堂评李叔同：最遗世而独立的一个人\r\n	</p>\r\n	<p>\r\n		不少名人曾对李叔同有过很高的评价，著名作家林语堂谈到，“李叔同是我们时代里最有才华的几位天才之一，也是最奇特的一个人，最遗世而独立的一个人。”著名作家张爱玲在李叔同面前则十分“谦卑”：“不要认为我是个高傲的人，我从来不是的，至少，在弘一法师寺院转围墙外面，我是如此的谦卑。”文学家夏丏尊认为，“综师一生，为翩翩之佳公子，为激昂之志士，为多才之艺人，为严肃之教育者，为戒律精严之头陀，而以倾心西极，吉祥善逝。”\r\n	</p>\r\n</ul>','2014年10月23日是我国著名艺术家、艺术教育家李叔同诞辰134周年。说起李叔同，可能有人会觉得陌生，但提到这首广为传唱的《送别》恐怕就无人不知、无人不晓了：“长亭外，古道边，芳草碧连天；晚风拂柳笛声残，夕阳山外山。天之涯，地之角，知交半零落；一杯浊酒尽余欢，今宵别梦寒。”这首歌的词作者便是我国近代艺坛上的这位杰出的先驱人物：李叔同，也就是后来的弘一法师。','2016-08-10 01:51:40',NULL,0,1,'人民网','/file/image/20161206/1414113573_afile.jpg',855,24,0,0,0,'',0),(110,'启功教我学书法趣闻：为事业放弃喝酒奢好','<ul class=\"pl_r_b pl_r_bt\" style=\"text-align:justify;font-size:16px;font-family:宋体, Arial, HELVETICA;\">\r\n	<p>\r\n		&emsp;&emsp;上世纪80年代的时候，老师又在那副对联的上下联里各加了五个字：“小住廿番春四壁如人扶又倒，浮生余几日一身随意去还来。”老师的专著《诗文声律论稿》、《论书绝句百首》就是在这样的条件下完成的，老师的书法创作高峰也是在这里出现的。\r\n	</p>\r\n	<p>\r\n		&emsp;&emsp;我对师母的印象非常深刻。她是一个典型的中国传统妇女，生活中任劳任怨、一心一意地照顾老师，在辛劳与穷苦中度过了自己的一生。每次去习字，师母都会为我沏茶。有时她在一旁做饭，怕打搅我听讲，就在菜板底下垫几张报纸，避免发出声音。如果有其他客人来，师母还会主动引荐，她总是介绍我说：“这是陈启智，北师大的学生，学习很努力。”\r\n	</p>\r\n	<p>\r\n		&emsp;&emsp;每次学习结束，我向老师告辞，老师都亲自送我到院门口。依旧是双手抱拳，笑容满面，并且叮嘱我“下次再来”。\r\n	</p>\r\n	<p>\r\n		&emsp;&emsp;去的次数多了，我也逐渐了解了老师的饮食习惯。老师早些时候很爱喝白酒。有一次，他刚刚喝了五粮液，情绪很好，我就问：“您对酒这么感兴趣？”回答是：“酒是我生命中的第二需要。”我又问：“第一需要是什么？”他说：“自然是劳动了。”我有点疑惑。老师马上解释道：“脑力劳动也算劳动。”我终于了然，老师的第一需要是每日看书、数学、写字、研究学术，等等。第二需要就是酒，甚至超过日常饮食。他对饭菜的要求不高，一盘花生米就酒，自得其乐。老师曾用两句诗来形容饮酒的意境：“影寒人欲醉，明月照酴醿。”后来还写过对联：“饮余有兴徐添酒，读日无多慎买书。”但是随着年龄的增长，由于健康原因，老师把白酒换成了黄酒，后来又改喝啤酒，最后就只能以饮料代替了。老师为了事业，能不断地并最终彻底放弃自己的嗜好，而且毫不留恋。他一生最知道什么叫舍得、放弃，这是一种难得的境界，一般人是难以做到的。\r\n	</p>\r\n	<p>\r\n		&emsp;&emsp;那时，启功老师的许多亲友怕受牵连，纷纷离老师而去。老师居处门可罗雀，冷落异常，但却造成了我学书法的良机。每逢休假日(两周一次)，我都带上自己写的字登门求教。当时入室学书法的只有我一个学生(与我一起在果园跟老师学字的两名同学，可惜没有坚持下来。20年后我们在西安相聚，忆及往事，真有无限感慨)，老师尽其所能地教导我。老师的教学以鼓励为先。虽然那时我的字写得很差，但老师总能在一篇字中打出一两个字，说：写得不错，然后再分析其他字的毛病，并在旁边写一个规范字以互相比较，帮助我领悟、改进。而我回去后写出新的作业，再面呈老师时，老师常会满面笑容地说：“啊！这下可写好了。”得到了夸赞，我也和老师一起感受此刻的幸福。有时老师自己写条幅，我就在一旁观摩老师运笔、布局之法。\r\n	</p>\r\n	<p>\r\n		&emsp;&emsp;半年后，我们从炼油厂返校，我入宅习字的次数就更多了，一直到1972年春大学毕业。这是我跟老师交往时间最长的一个阶段。\r\n	</p>\r\n	<p>\r\n		&emsp;&emsp;我至今还保留两篇老师为我批改过的书法作业。一是鲁迅诗，一是白居易《琵琶行》小序。\r\n	</p>\r\n	<p>\r\n		&emsp;&emsp;我当年写的字在今天看来实在丑陋，无论从哪个方面看都有问题。一大堆毛病若让老师一一指明，我肯定消化不了。老师批改的重点还是结构，结构的重点还是帮我找到汉字的中心。\r\n	</p>\r\n	<p>\r\n		&emsp;&emsp;比如在鲁迅诗中“首”、“载”、“泛”三个字，我写得最差，老师就在这三个字旁，分别写出示范字以相比较。先从直观上让我意识到优劣。而后，老师边讲，边画，在字的左上方画一个小圆圈，这就是字的中心部分。\r\n	</p>\r\n</ul>','上世纪80年代的时候，老师又在那副对联的上下联里各加了五个字：“小住廿番春四壁如人扶又倒，浮生余几日一身随意去还来。”老师的专著《诗文声律论稿》、《论书绝句百首》就是在这样的条件下完成的，老师的书法创作高峰也是在这里出现的。','2016-08-06 17:52:26',NULL,0,1,'天津日报','',865,24,0,0,0,'',0),(111,'米芾癫狂字更狂：为书画费尽心机','<ul class=\"pl_r_b pl_r_bt\" style=\"text-align:justify;font-size:16px;font-family:宋体, Arial, HELVETICA;\">\r\n	<p>\r\n		&emsp;&emsp;北宋年间，有一位个性怪异、喜着奇装、嗜洁成癖的书法大家——米芾(音同“福”)，他与同一时代的苏轼、黄庭坚、蔡京合称“宋四家”，并以癫狂的个性名震一时，人称“米颠”。900多年过去了，这位书法大家依然“癫狂”：他的作品在拍卖会上屡破天价，多少人求而不得。\r\n	</p>\r\n	<p>\r\n		&emsp;&emsp;祖上是开国元勋\r\n	</p>\r\n	<p>\r\n		&emsp;&emsp;米芾世居太原，后迁襄阳，最后定居镇江。他生于北宋仁宗皇祐三年(1051年)，卒于徽宗大观元年(1107年)。本名黻(音同“福”)，41岁时，他自称是楚国芈(音同“米”)氏后人，“芾”与“黻”读音相同，形又似“芈”，故改名为“芾”。\r\n	</p>\r\n	<p>\r\n		&emsp;&emsp;米芾出身官僚家庭，五世祖米信，是北宋初年的开国元勋，高祖、曾祖以上，多为武职官员，自父亲米佐，开始读书学儒。母亲阎氏，曾是英宗皇后高氏的乳娘。米芾出生时，当时还是太子的英宗，送来了一支2尺多高的玉珊瑚作为贺礼。米芾6岁熟读诗百首， 7岁学书，10岁写碑。18岁时，高后之子继位为神宗，念及阎氏旧情，“恩荫”米芾为秘书省校字郎，负责文书校对，订正讹误。\r\n	</p>\r\n	<p>\r\n		&emsp;&emsp;尽管有母亲的这层关系，神宗也很欣赏他的书画才能，米芾还是没能飞黄腾达。他辗转于广东、广西、河南、江苏、安徽等地，历官18任，其中礼部员外郎算是履历中的最高官职，后人因此称他为“米南宫”(“南宫”是礼部的代称)。\r\n	</p>\r\n	<p>\r\n		&emsp;&emsp;说起当官，米芾还真不在行。史书上说他“居官无官官之事，处事无事事之心”，绝不是夸大其词。他游戏官场，屡屡被人打小报告，仕途不顺，可以想见。\r\n	</p>\r\n	<p>\r\n		&emsp;&emsp;米芾曾写信给宰相蔡京，诉说自己转宦南北、流落江湖之苦。有一次，走水路到河南，全家老小十余口人辛辛苦苦挤在一只小船上。为了说明船的大小，他就在信纸上画了一只。蔡京边读边笑，而当时弹劾米芾的奏章正是说他行为疯癫。\r\n	</p>\r\n	<p>\r\n		&emsp;&emsp;米芾的癫狂，在皇帝面前也不加掩饰。有一次，徽宗藏在帘后观看米芾写字，只见他反系袍袖，跳来跳去，落笔如云，龙蛇飞动，察觉到皇帝在帘子后面，丝毫不觉拘束和难为情，反而大声打招呼。\r\n	</p>\r\n	<p>\r\n		&emsp;&emsp;对于自己的癫名，米芾却不服气。有一次，苏轼在扬州召集宾客会饮，在座的都是名士，米芾也在场。酒喝到一半，米芾突然站起来，对苏轼说道：“世人都说我癫 狂，你觉得呢？”苏轼笑着回答说：“吾从众！”还是古人说得好：“唯不自谓痴乃真痴。今则痴人比比是矣，饰痴态以售其奸，借痴名以宽其谤。”不承认自己痴狂的人，才是真痴狂。\r\n	</p>\r\n	<p>\r\n		&emsp;&emsp;洁癖和奇装\r\n	</p>\r\n	<p>\r\n		&emsp;&emsp;米芾的怪癖，宋人笔记有很多记载，最突出的有两点：一是他的洁癖，一是好着唐装。\r\n	</p>\r\n	<p>\r\n		&emsp;&emsp;米芾有很重的洁癖。他身边常常放着一盆水，时时洗手洗脸，洗完也不用手巾擦拭，只是甩手晾干，生怕手巾弄脏自己。平时，也不与别人共用“器服”。有一次， 他的朝靴被别人碰过，心里面总觉得不舒服，就一洗再洗，弄得破损无法再穿。据说他为女儿挑选夫婿，也是因为其姓名“干净”——女婿姓段，名拂，字去尘。他说：“既拂矣，又去尘，真是我的女婿呀。”\r\n	</p>\r\n	<p>\r\n		&emsp;&emsp;由于好洁，米芾甚至不惜丢弃自己的心爱之物。有一次，他得了一方好砚，认为是“天地秘藏”，邀好友周仁熟共赏。周仁熟对这块砚石赞赏不已，说：“如此神品，不知磨墨效果如何？”米芾就命人取水。水还没取来，周仁熟一时心急，用唾沫磨起墨来。米芾勃然变色，说：“砚石脏了，不能再用了，你拿走吧！”后来， 周仁熟几次三番想送回砚石，米芾都拒绝了。\r\n	</p>\r\n	<p>\r\n		&emsp;&emsp;米芾甚至因为洁癖而丢过官。他曾负责太庙的祭祀礼乐，这是宗法社会中最为盛大隆重的仪式。祭祀服装上，绣有火焰等纹样。据说宋朝开国皇帝赵匡胤是火德星君临凡，这祭服上的火焰纹样，便是赵宋王权的象征。米芾清洗祭服，用力过猛，竟然把衣服上装饰的火焰洗掉了。亏得徽宗素知米芾性情，没有大加责罚，只将他罢官了事。\r\n	</p>\r\n	<p>\r\n		<br />\r\n	</p>\r\n	<p>\r\n		&emsp;&emsp;米芾的奇装异服，当时也曾遭人议论。他喜欢唐代服饰，帽子、袍子仿效唐人，走到哪里都引来人群围观。时间久了，汴京(今开封)城里的男女老少，即便不认识他，也能从着装上知道他就是米芾。\r\n	</p>\r\n	<p>\r\n		&emsp;&emsp;有一次，他出门赴宴，戴了一顶高檐帽，结果帽子太高，无论如何，也不能戴着帽子坐进轿子里去。米芾又不肯让随从代劳，深怕他们弄脏了自己的帽子。左思右 想，最后让随从拆了轿子的顶盖，这才安安稳稳地坐进轿子里。一路上为人所惊笑，后来遇到老友晁以道，晁以道见状，也忍俊不禁，说道：“米芾，你简直就像是 坐在槛车里示众的囚犯啊！”\r\n	</p>\r\n	<p>\r\n		&emsp;&emsp;奇石与奇砚\r\n	</p>\r\n	<p>\r\n		&emsp;&emsp;米芾生活中，有两大爱好——一是石，二是砚。\r\n	</p>\r\n	<p>\r\n		&emsp;&emsp;他在镇江的宅子中，有一块奇石，上面共有81穴，秀润异常。当初用了100多个人，才将这块石头运至家中，题名为“洞天一品石”。他曾在江苏涟水做官，涟水靠近安徽灵璧，其地盛产一种敲击起来有金属声的石头，人称“磬石”。米芾收集了很多这样的石头，在自己的书房中流连把玩，终日闭门不出，将公务通通抛到了脑后。\r\n	</p>\r\n	<p>\r\n		&emsp;&emsp;著名的“米芾拜石”故事，今天已经成了艺坛上人所熟知的风流佳话。米芾在安徽无为做官时，见官署中有块石头生得十分奇特，便命人取出官袍，手执朝笏对着奇石行跪拜礼，口里还叫它“石丈”。言官们听到这事后进行评议，一时在朝廷中传为笑谈。对于拜石一事，米芾自己倒是很得意，他曾自作《拜石图》，以为纪念。后世也喜欢用这个题材来作画，很多著名画家都作有《米颠拜石图》。\r\n	</p>\r\n	<p>\r\n		&emsp;&emsp;米芾酷爱奇砚，连皇帝的砚台都垂涎。有一次，徽宗召米芾写字，用的是御案上的端砚。写完后，米芾捧着端砚跪下，对皇帝说：“这方砚石，臣下已经用过了，恐怕不好再供御前听用了……”皇帝哈哈大笑，就把端砚赐给了他。米芾高兴不已，抱着砚石退出，衣服上沾满了墨汁也不在乎。\r\n	</p>\r\n	<p>\r\n		&emsp;&emsp;砚为“文房四宝”之一，是文人、书画家的必备之物。米芾对砚石素有研究，曾著有《砚史》一卷，对各种古砚的品相、各地砚石的特点等都有精辟的见解。米芾自己也收藏过很多珍贵的砚石，他对这些砚石的爱护，简直可以称得上是“爱之如命”。他留下过一封书信，收信人是谁，现在已经不知道了。似乎是对方向他索要一方砚石，他拒绝得很坚决。信中写道：“拿走心，就变成了失心人。砚石，就是我的心。是谁教唆你来向我讨要这方砚石？我一定会深究这件事。不过，我手中有一幅徐熙(五代南唐著名画家)的《梨花图》，权当是砚石送给你吧，算是保全我们之间的交情。如果一定要拿走我的心，我只好像项羽那样自刎在乌江之中了。”\r\n	</p>\r\n	<p>\r\n		&emsp;&emsp;为书画费尽心机\r\n	</p>\r\n	<p>\r\n		&emsp;&emsp;当然，作为一名书画家，米芾平生最爱还是书画。他的书斋名为“宝晋斋”，因为里面多是晋人手迹。他的儿子米友仁曾记载说：“父亲所藏的晋唐真迹，天天都摆在书案上，手不释笔，临摹学习。到了夜晚，就收在箱子里，放在枕边，才能入眠。”米芾出门时，往往还要带上书画。他到江南做官，在官船上挂了一个牌子，上面大书“米家书画船”等字。黄庭坚为此作诗赠之：“沧江尽夜虹贯月，定是米家书画船。”米芾自己也写道：“满船书画与明月，十日随花窈窕中。”\r\n	</p>\r\n	<p>\r\n		&emsp;&emsp;米芾对自己所藏书画，爱护备至。他制定的规则是：灯下不能看书画，喝酒也不能看。对朋友借观，他也立了一个“阅书之法”：准备好两张干净桌案，铺好纸张，然后米芾净手，从盒中取出字帖，展开给客人观看。客人端坐案头，不能触碰字帖。客人说“打开”，米芾就打开；客人说“卷轴”，米芾就卷轴。\r\n	</p>\r\n	<p>\r\n		&emsp;&emsp;为了得到这些书画，米芾不但钱财散尽，而且费尽心机，有时甚至不惜强取、骗夺，乃至有“米老狡狯”之说。唐代著名书法家沈传师有一幅《道林诗》，字体像手掌那么大，藏在湘江边上的道林寺中。米芾在长沙做官时，曾向寺僧借出来观赏，越看越喜欢，到了晚上，竟带着沈传师的手迹飞奔而去。僧人不得已，讼之于官，最后是官府派人才追讨回来。\r\n	</p>\r\n	<p>\r\n		&emsp;&emsp;还有一次，米芾和蔡京的长子蔡攸在船上游玩。蔡攸拿出王羲之的《王略帖》，米芾惊叹不已。他想拿自己别的藏品与蔡攸交换，蔡攸面露难色。米芾说：“如果不答应，我就去投河！”说完就大呼小叫，一手扒船舷，做出摇摇欲坠的架势。蔡攸不得已，只好把帖子拱手送出。这幅《王略帖》是米芾心爱的“神物”，他曾经说：“我看过的书法很多，此帖算是天下第一帖。”\r\n	</p>\r\n	<p>\r\n		&emsp;&emsp;米芾临摹古帖逼真，往往瞒过众人眼目，被人当成真迹珍重收藏。他曾临摹过王献之字帖一卷，辗转落入沈括之手。有一次朋友聚会，各出书画，相互观摩。看到沈括手中的王献之帖，米芾惊讶地说：“这是我写的呀。”沈括还不信，勃然大怒说：“我已经收藏很久了，怎么会是你写的呢！”\r\n	</p>\r\n	<p>\r\n		&emsp;&emsp;据说由于擅作赝本，米芾骗取了别人的很多古书画。也由于擅作赝本，米芾向人借阅古帖，曾碰过一鼻子灰。越州某僧人，藏有一幅珍贵墨迹，米芾曾写信要求借观不得，后来又托同僚带去自己的官告(类似“委任状”)，想以此抵押向僧人借看，还是遭到拒绝。他好作赝本一事，甚至被朋友们拿来戏谑。有一次，米芾拜访一位朋友，这位朋友说：“今天我专门为你煮了河豚肉。”河豚有毒，米芾听了，停下筷子不吃。朋友这才笑着说：“放心吃吧，这不是河豚，是赝本而已。”\r\n	</p>\r\n	<p>\r\n		&emsp;&emsp;董其昌眼中的“第一”\r\n	</p>\r\n	<p>\r\n		&emsp;&emsp;除了各种趣闻、传奇，米芾最让世人惊异的是他的书法，其成就又以行书为最大。徽宗曾向他问询当时的书法四大家，米芾自己说：“蔡京不得笔(指其创作没有艺术性)，黄庭坚描字，苏轼画字，臣刷字。”这个“刷”字，生动描绘了米芾的书法特征：体势骏迈，沉着痛快。黄庭坚则评价米芾的书法“如快剑斫阵，强弩射千里”。\r\n	</p>\r\n	<p>\r\n		&emsp;&emsp;500年后，明代收藏家董其昌在《画禅室随笔》中说：“吾尝评米字，以为宋朝第一，毕竟出于苏轼之上。晚年一变，有冰寒于水之奇。”米芾的书法中，许多字的起笔呈现散开的锋毫，一些竖笔、撇笔因运行急速而留出飞白。整幅作品气势豪迈，跌宕的笔画间蕴含着巨大的张力。\r\n	</p>\r\n	<p>\r\n		&emsp;&emsp;米芾长子米友仁，继承家学，世称“小米”。父子两人在中国画史上，也有一份独特地位。他们创造了“米氏技法”，主要在于水墨的积、染、破、分与浓、淡、干、湿的运用上。著名的“米氏云山”、“云山墨戏”，其特点用后人的话来说，就是“善画无根树，能描朦胧云”，云雾缭绕、山林隐映，取意不取形。\r\n	</p>\r\n	<p>\r\n		&emsp;&emsp;米芾晚年学禅。据说他临终前一个月，写信与亲朋好友告别，还造了一副楠木棺材，在棺材里面吃饭、办公。临终前7天，开始吃素，更衣沐浴，焚香静坐。到了辞世那天，遍请郡中同僚，当众念道：“众香国中来，众香国中去。人欲识去来，去来事如许。天下老和尚，错入轮回路。”合掌而逝。\r\n	</p>\r\n</ul>','北宋年间，有一位个性怪异、喜着奇装、嗜洁成癖的书法大家——米芾(音同“福”)，他与同一时代的苏轼、黄庭坚、蔡京合称“宋四家”，并以癫狂的个性名震一时，人称“米颠”。900多年过去了，这位书法大家依然“癫狂”：他的作品在拍卖会上屡破天价，多少人求而不得','2016-08-09 09:53:16',NULL,0,1,'中国美术家网','',857,24,0,0,0,'',0),(112,'唐寅秒笔画名妓 不是风流是委屈','<ul class=\"pl_r_b pl_r_bt\" style=\"text-align:justify;font-size:16px;font-family:宋体, Arial, HELVETICA;\">\r\n	<p>\r\n		唐寅，字伯虎，人们熟悉他多是因为电影《唐伯虎点秋香》，电影里周星驰扮演的唐伯虎风流有才华，最终抱得美人归。因为唐寅的才情个性，才子佳人这样的喜剧故事才会附会在他身上。但真正的唐寅，一生却经过大起大落，匆匆收场，他的真实人生是个实实在在的悲剧。\r\n	</p>\r\n	<p>\r\n		<br />\r\n	</p>\r\n	<p>\r\n		“一切有为法，如梦幻泡影，如露亦如电”，《金刚经》中的这段偈语，是唐寅别号“六如”的来源，更是他一生的宿命。如果唐寅不是一个天才少年不曾高调做人，如果唐寅顺利通过科考取得功名，如果唐寅没有赴江西宁王朱宸濠之聘，如果他没有看到好友家中所挂“中吕”二字，他的人生是不是会不同？历史没有假设，正是这样弄人的命运才成就了一个传奇的唐寅，使他未走仕途而成为一个纯粹的艺术家，创作出了旷世流传的作品。正如百年后文震孟在《姑苏名贤小记》中总结的那样：人才第一，风流第一，画品第一。\r\n	</p>\r\n	<p>\r\n		<br />\r\n	</p>\r\n	<p>\r\n		今天我们只需默默欣赏他的作品，感叹那段传奇的人生。\r\n	</p>\r\n	<p>\r\n		<br />\r\n	</p>\r\n	<p>\r\n		这一幅平和娴静的《李端端图》是此次苏州“六如真如——吴门画派之唐寅特展”中仕女题材中难得的精品，讲述的是唐时名妓李端端与著名风流文人崔涯的故事。反复揣摩这作品，我并没有感受到这位号称“江南第一风流才子”的唐伯虎洒脱多情、无所羁绊的一面，相反，却是在缜密构思、精致笔墨的分析中，渐渐还原出一个纠结无奈的悲凉文人。\r\n	</p>\r\n	<p>\r\n		<br />\r\n	</p>\r\n	<p>\r\n		画中四个女性的中间偏上，唯一坐着的男性就是故事的男主角唐代进士崔涯。他每题诗于娼肆，必传诵于街头巷尾，妓院的生意好坏都与他的褒贬态度息息相关。一次，由于李端端没有接待好张祜，张的朋友崔涯就嘲笑她“黄昏不语不知行，鼻似烟窗耳似铛。独把象牙梳插鬓，昆仑山上月初生。”说她黑得傍晚不说话看不到人，鼻孔还像烟窗一样大，耳朵像饼铛，头上插根梳子丑得活像西域昆仑山上的半个月牙。种种刻薄措辞即刻影响了李端端的生计。\r\n	</p>\r\n	<p>\r\n		<br />\r\n	</p>\r\n	<p>\r\n		性情直率，既有智慧又有胆略的美人见诗后，竟然找到崔涯请求重新评价。面对一个才情秉异的美女诚恳的目光和犀利的言语，崔涯无法不为之折服，即刻承认错误并另题一绝以推翻先前评价：“觅得黄骝被绣鞍，善和坊里取端端。扬州近日浑成差，一朵能行白牡丹。”“善和”一词出自唐柳宗元的“家有赐书三千卷，尚在善和里旧宅。”后人以“善和”借指藏书，后来“善和坊”便普遍用以形容文人冶游赋诗的场所。“白牡丹”出自白居易歌颂白牡丹之诗，象征素雅脱俗、绝世独立。谁能想到一日之间李端端的形象就从又黑又丑变成精致典雅的白牡丹仙子了呢？这位官人甚至都可能动了替她赎身的念头，所以他提到“取端端”，“取”音同“娶”，也就是“落籍”从良的意思，他随意地一只胳膊搭在交椅扶手上的动作描绘或许也反映了他此刻起伏的心理活动，后来就真有人给这幅画冠名为《李端端落籍图》。\r\n	</p>\r\n	<p>\r\n		<br />\r\n	</p>\r\n	<p>\r\n		在崔涯的盛赞下，大贾富豪争着抢着点李端端的台，以至于李端端预约单子都排在半月之后。有人戏说李端端是才从乌黑的墨池里爬出来就登上了洁白的雪山顶。我以为这个比喻还有另一深意，若不是李端端经过书香墨香的浸染，这一场身份悬殊的较量中，她哪里能有胜算呢？然而，据唐代范摅《云溪友议》中记载，李端端当时是伏地哀泣，可唐寅笔下的李端端手拈一朵白牡丹，一脸的从容淡定，并无丝毫哀求之意。画中其他三个侍女都站得笔直，唯有这位女主角身姿曼妙，神态自若，更是没有跪或乞求的动作。这个情节的改变其实正反映了唐寅想借李端端以自况的用意，也是文人对气节和傲骨的重视。除了脸上的白粉，简单头巾和胸档的两小块稳稳的红色，李端端全身没有更多的色彩，这也和素雅的白牡丹典故契合，与对面头饰繁琐富贵，里面一袭红衣的侍女形成反差，同时也给我们展示出晚明文人简淡素朴的审美标准。\r\n	</p>\r\n	<p>\r\n		<br />\r\n	</p>\r\n	<p>\r\n		唐寅的题跋在画面上方占据很大面积，这些字相对画来说确实显得偏大，也有可能是为了凸显他对这个故事的强烈感受：“善和坊里李端端，信是能行白牡丹。谁信扬州金满市，胭脂价到属穷酸。”前两句延续了崔涯对李端端的美好形容，然后话锋突然一转，谈到黄金满市的扬州城中胭脂价格却低到穷酸，与画面唯美平和的气氛一下子形成极大反差。“胭脂”又通“艳质”，这又是个久远的典故，南朝陈后主的贵妃张丽华本是宫中歌妓出身，陈叔宝形容她“新装艳质本倾城”。亡国被擒时，张丽华所藏的胭脂被擦在井口，从此，这口井被叫做“胭脂井”。这“胭脂”后来就成为妓女的代名词，所以说胭脂价低就是指妓女不值钱。而可怜的又何止她们，以唐寅的画工和学识，若生在今天，那画价即便不是天文数字，也足够过上富足奢华的日子了，可偏就是生不逢时，因为考场舞弊案的连累导致名声败落，画价低迷，生存窘迫。时空穿越几百年，他将李端端、张丽华和自己令人唏嘘不已的人生窘迫和惨状都串在一起了！\r\n	</p>\r\n	<p>\r\n		<br />\r\n	</p>\r\n	<p>\r\n		隐喻和象征手法是唐寅最擅长的，借助众多涵义丰富而深刻的意象排布，给人以触动和震撼正是他的过人之处。比如此一幅中硕大的屏风，这一物件本是古人用来避风的，可这里屏风的位置却偏偏没有挡住李端端身后的空间，这无疑是想表现崔涯和李端端悬殊的社会地位，也暗示了这世间风尘中一个弱女子的飘零无助。此外，屏风又是主人品位的表现，这幅图中屏风上一片空旷的江景不仅是唐寅山水画的典型构图方式，也交代了崔涯不俗的文人品位。崔涯所坐的交椅，在古代是权力的象征，暗示了他的地位。有意思的是，不知是否为巧合，《金瓶梅》第十六回，李瓶儿为了讨西门庆的欢心，为了表示尊敬，“上面独独安了一张交椅，让西门庆上坐。”对于猜测唐寅就是该书作者兰陵笑笑生的人来说，这也许能成为一例证据。此外，画面右侧的书案上还放着一个装有古琴的琴囊，两个卷轴画，一个砚台和毛笔等文房之物，崔涯手中还拿着一个小手卷。从这些道具的安排设计来看，此一场景，正是崔涯在为李端端重赋新诗。\r\n	</p>\r\n	<p>\r\n		<br />\r\n	</p>\r\n	<p>\r\n		这画中的心绪是极其复杂的，人言善变，哪句能当做绝对的真实？一个功名在身的儒士崔涯都能自相矛盾随意戏言，把黑的说成是白的，那这世间事还有几样能说清？从莫名其妙地入狱，到后来稀里糊涂地出狱，好文章活生生成了舞弊证据，好人也硬被说成坏人，他极有可能是想借这张画申诉冤屈，表明自己的清白。另一方面，曾经对仕途的远大抱负因着一场政治斗争的牵连遭到了致命打击，满腹经纶的他流落民间郁郁不得志，不明就里的人煞是可畏的传言和白眼必定让他无比心寒，此时的他，若是能有个如李端端这样辩驳甚至翻盘的机会，再遇到有识之士的赏识举荐，甚至是帝王将相的知遇之恩该是多好！可惜，他却无力改变命运，这画里寄托的，只不过是一个美好的幻想罢了。\r\n	</p>\r\n</ul>','唐寅，字伯虎，人们熟悉他多是因为电影《唐伯虎点秋香》，电影里周星驰扮演的唐伯虎风流有才华，最终抱得美人归。因为唐寅的才情个性，才子佳人这样的喜剧故事才会附会在他身上。但真正的唐寅，一生却经过大起大落，匆匆收场，他的真实人生是个实实在在的悲剧。','2016-07-31 09:54:02',NULL,0,1,'北京青年报','',884,24,0,0,0,'',0);
/*!40000 ALTER TABLE `paper` ENABLE KEYS */;
UNLOCK TABLES;

--
-- Table structure for table `role`
--

DROP TABLE IF EXISTS `role`;
/*!40101 SET @saved_cs_client     = @@character_set_client */;
/*!40101 SET character_set_client = utf8 */;
CREATE TABLE `role` (
  `id` bigint(20) NOT NULL AUTO_INCREMENT,
  `title` varchar(100) NOT NULL DEFAULT '',
  `name` varchar(100) NOT NULL DEFAULT '',
  `remark` varchar(200) DEFAULT NULL,
  `status` int(11) NOT NULL DEFAULT '2',
  PRIMARY KEY (`id`)
) ENGINE=InnoDB AUTO_INCREMENT=2 DEFAULT CHARSET=utf8;
/*!40101 SET character_set_client = @saved_cs_client */;

--
-- Dumping data for table `role`
--

LOCK TABLES `role` WRITE;
/*!40000 ALTER TABLE `role` DISABLE KEYS */;
INSERT INTO `role` VALUES (1,'管理员角色','管理员','权限最高的一群人',1);
/*!40000 ALTER TABLE `role` ENABLE KEYS */;
UNLOCK TABLES;

--
-- Table structure for table `roll`
--

DROP TABLE IF EXISTS `roll`;
/*!40101 SET @saved_cs_client     = @@character_set_client */;
/*!40101 SET character_set_client = utf8 */;
CREATE TABLE `roll` (
  `id` bigint(20) NOT NULL AUTO_INCREMENT,
  `title` varchar(100) NOT NULL DEFAULT '',
  `content` longtext NOT NULL,
  `createtime` datetime DEFAULT NULL,
  `updatetime` datetime DEFAULT NULL,
  `sort` bigint(20) NOT NULL DEFAULT '0',
  `status` bigint(20) NOT NULL DEFAULT '0',
  `photo` varchar(255) NOT NULL DEFAULT '',
  `view` bigint(20) NOT NULL DEFAULT '0',
  `url` varchar(255) NOT NULL DEFAULT '',
  PRIMARY KEY (`id`)
) ENGINE=InnoDB AUTO_INCREMENT=5 DEFAULT CHARSET=utf8;
/*!40101 SET character_set_client = @saved_cs_client */;

--
-- Dumping data for table `roll`
--

LOCK TABLES `roll` WRITE;
/*!40000 ALTER TABLE `roll` DISABLE KEYS */;
INSERT INTO `roll` VALUES (1,'示例1','请输入图片描述','2016-07-28 13:46:17','2016-08-05 00:48:59',1,1,'/file/image/20160805/20160805004753mmexport1420177702987.jpg',0,'http://beauty.lenggirl.com/招生动态/'),(3,'实例三','请输入图片描述','2016-07-28 21:47:31','2016-08-05 00:50:16',0,1,'/file/image/20160805/2015-04-19 19.53.01.jpg',0,'http://beauty.lenggirl.com//静物素描'),(4,'牛逼的老师','请输入图片描述','2016-08-04 16:51:35',NULL,0,1,'/file/image/20160805/20160805005045mmexport1420217892672.jpg',0,'http://beauty.lenggirl.com//教师作品/');
/*!40000 ALTER TABLE `roll` ENABLE KEYS */;
UNLOCK TABLES;

--
-- Table structure for table `user`
--

DROP TABLE IF EXISTS `user`;
/*!40101 SET @saved_cs_client     = @@character_set_client */;
/*!40101 SET character_set_client = utf8 */;
CREATE TABLE `user` (
  `id` bigint(20) NOT NULL AUTO_INCREMENT,
  `logincount` int(11) NOT NULL DEFAULT '0',
  `username` varchar(32) NOT NULL DEFAULT '',
  `password` varchar(32) NOT NULL DEFAULT '',
  `nickname` varchar(32) NOT NULL DEFAULT '',
  `email` varchar(32) NOT NULL DEFAULT '',
  `remark` varchar(200) DEFAULT NULL,
  `status` int(11) NOT NULL DEFAULT '2',
  `lastlogintime` datetime DEFAULT NULL,
  `createtime` datetime NOT NULL,
  `lastip` varchar(255) NOT NULL DEFAULT '',
  PRIMARY KEY (`id`),
  UNIQUE KEY `username` (`username`),
  UNIQUE KEY `nickname` (`nickname`)
) ENGINE=InnoDB AUTO_INCREMENT=3 DEFAULT CHARSET=utf8;
/*!40101 SET character_set_client = @saved_cs_client */;

--
-- Dumping data for table `user`
--

LOCK TABLES `user` WRITE;
/*!40000 ALTER TABLE `user` DISABLE KEYS */;
INSERT INTO `user` VALUES (1,51,'admin','e10adc3949ba59abbe56e057f20f883e','画室','569929309@qq.com','最高权限的王',2,'2018-04-21 18:18:01','2016-07-12 21:41:53','127.0.0.1'),(2,0,'user','ee11cbb19052e40b07aac0ca060c23ee','测试用户','569929309@qq.com','测试用户',2,NULL,'2016-07-29 21:41:53','');
/*!40000 ALTER TABLE `user` ENABLE KEYS */;
UNLOCK TABLES;

--
-- Table structure for table `user_roles`
--

DROP TABLE IF EXISTS `user_roles`;
/*!40101 SET @saved_cs_client     = @@character_set_client */;
/*!40101 SET character_set_client = utf8 */;
CREATE TABLE `user_roles` (
  `id` bigint(20) NOT NULL AUTO_INCREMENT,
  `user_id` bigint(20) NOT NULL,
  `role_id` bigint(20) NOT NULL,
  PRIMARY KEY (`id`)
) ENGINE=InnoDB DEFAULT CHARSET=utf8;
/*!40101 SET character_set_client = @saved_cs_client */;

--
-- Dumping data for table `user_roles`
--

LOCK TABLES `user_roles` WRITE;
/*!40000 ALTER TABLE `user_roles` DISABLE KEYS */;
/*!40000 ALTER TABLE `user_roles` ENABLE KEYS */;
UNLOCK TABLES;
/*!40103 SET TIME_ZONE=@OLD_TIME_ZONE */;

/*!40101 SET SQL_MODE=@OLD_SQL_MODE */;
/*!40014 SET FOREIGN_KEY_CHECKS=@OLD_FOREIGN_KEY_CHECKS */;
/*!40014 SET UNIQUE_CHECKS=@OLD_UNIQUE_CHECKS */;
/*!40101 SET CHARACTER_SET_CLIENT=@OLD_CHARACTER_SET_CLIENT */;
/*!40101 SET CHARACTER_SET_RESULTS=@OLD_CHARACTER_SET_RESULTS */;
/*!40101 SET COLLATION_CONNECTION=@OLD_COLLATION_CONNECTION */;
/*!40111 SET SQL_NOTES=@OLD_SQL_NOTES */;

-- Dump completed on 2018-04-21 18:22:23
